MSG:1005,0,1,"MakeMKV v1.18.4 linux(x64-release) started","%1 started","MakeMKV v1.18.4 linux(x64-release)"
MSG:5042,0,0,"The program can't find any usable optical drives.","The program can't find any usable optical drives."
DRV:0,256,999,0,"","",""
DRV:1,256,999,0,"","",""
DRV:2,256,999,0,"","",""
DRV:3,256,999,0,"","",""
DRV:4,256,999,0,"","",""
DRV:5,256,999,0,"","",""
DRV:6,256,999,0,"","",""
DRV:7,256,999,0,"","",""
DRV:8,256,999,0,"","",""
DRV:9,256,999,0,"","",""
DRV:10,256,999,0,"","",""
DRV:11,256,999,0,"","",""
DRV:12,256,999,0,"","",""
DRV:13,256,999,0,"","",""
DRV:14,256,999,0,"","",""
DRV:15,256,999,0,"","",""
MSG:3006,131072,1,"Opening files on harddrive at file:///media/Disc-Rips/[BACKUP] TROY - BONUS DISC - Blu-ray","Opening files on harddrive at %1","file:///media/Disc-Rips/[BACKUP] TROY - BONUS DISC - Blu-ray"
MSG:3307,0,2,"File 00018.mpls was added as title #0","File %1 was added as title #%2","00018.mpls","0"
MSG:3307,0,2,"File 00053.mpls(1) was added as title #1","File %1 was added as title #%2","00053.mpls(1)","1"
MSG:3307,0,2,"File 00000.mpls was added as title #2","File %1 was added as title #%2","00000.mpls","2"
MSG:3307,0,2,"File 00015.mpls(1) was added as title #3","File %1 was added as title #%2","00015.mpls(1)","3"
MSG:3307,16777216,2,"File 00001.mpls was added as title #4","File %1 was added as title #%2","00001.mpls","4"
MSG:3307,0,2,"File 00017.mpls was added as title #5","File %1 was added as title #%2","00017.mpls","5"
MSG:3307,16777216,2,"File 00002.mpls was added as title #6","File %1 was added as title #%2","00002.mpls","6"
MSG:3307,16777216,2,"File 00055.mpls was added as title #7","File %1 was added as title #%2","00055.mpls","7"
MSG:3307,0,2,"File 00093.m2ts was added as title #8","File %1 was added as title #%2","00093.m2ts","8"
MSG:3307,0,2,"File 00031.m2ts was added as title #9","File %1 was added as title #%2","00031.m2ts","9"
MSG:3307,16777216,2,"File 00029.m2ts was added as title #10","File %1 was added as title #%2","00029.m2ts","10"
MSG:3307,0,2,"File 00018.m2ts was added as title #11","File %1 was added as title #%2","00018.m2ts","11"
MSG:3307,16777216,2,"File 00097.m2ts was added as title #12","File %1 was added as title #%2","00097.m2ts","12"
MSG:3307,16777216,2,"File 00035.m2ts was added as title #13","File %1 was added as title #%2","00035.m2ts","13"
MSG:3307,16777216,2,"File 00066.m2ts was added as title #14","File %1 was added as title #%2","00066.m2ts","14"
MSG:3307,0,2,"File 00021.m2ts was added as title #15","File %1 was added as title #%2","00021.m2ts","15"
MSG:3307,16777216,2,"File 00083.m2ts was added as title #16","File %1 was added as title #%2","00083.m2ts","16"
MSG:3307,16777216,2,"File 00010.m2ts was added as title #17","File %1 was added as title #%2","00010.m2ts","17"
MSG:3307,0,2,"File 00463.m2ts was added as title #18","File %1 was added as title #%2","00463.m2ts","18"
MSG:3307,0,2,"File 00072.m2ts was added as title #19","File %1 was added as title #%2","00072.m2ts","19"
MSG:3307,16777216,2,"File 00008.m2ts was added as title #20","File %1 was added as title #%2","00008.m2ts","20"
MSG:3307,0,2,"File 00492.m2ts was added as title #21","File %1 was added as title #%2","00492.m2ts","21"
MSG:3307,16777216,2,"File 00014.m2ts was added as title #22","File %1 was added as title #%2","00014.m2ts","22"
MSG:3307,16777216,2,"File 00467.m2ts was added as title #23","File %1 was added as title #%2","00467.m2ts","23"
MSG:3307,16777216,2,"File 00025.m2ts was added as title #24","File %1 was added as title #%2","00025.m2ts","24"
MSG:3307,16777216,2,"File 00087.m2ts was added as title #25","File %1 was added as title #%2","00087.m2ts","25"
MSG:3307,16777216,2,"File 00047.m2ts was added as title #26","File %1 was added as title #%2","00047.m2ts","26"
MSG:3307,16777216,2,"File 00496.m2ts was added as title #27","File %1 was added as title #%2","00496.m2ts","27"
MSG:3307,16777216,2,"File 00076.m2ts was added as title #28","File %1 was added as title #%2","00076.m2ts","28"
MSG:3307,0,2,"File 00020.m2ts was added as title #29","File %1 was added as title #%2","00020.m2ts","29"
MSG:3307,16777216,2,"File 00082.m2ts was added as title #30","File %1 was added as title #%2","00082.m2ts","30"
MSG:3307,0,2,"File 00462.m2ts was added as title #31","File %1 was added as title #%2","00462.m2ts","31"
MSG:3307,0,2,"File 00011.m2ts was added as title #32","File %1 was added as title #%2","00011.m2ts","32"
MSG:3307,0,2,"File 00073.m2ts was added as title #33","File %1 was added as title #%2","00073.m2ts","33"
MSG:3307,16777216,2,"File 00009.m2ts was added as title #34","File %1 was added as title #%2","00009.m2ts","34"
MSG:3307,16777216,2,"File 00493.m2ts was added as title #35","File %1 was added as title #%2","00493.m2ts","35"
MSG:3307,0,2,"File 00466.m2ts was added as title #36","File %1 was added as title #%2","00466.m2ts","36"
MSG:3307,16777216,2,"File 00015.m2ts was added as title #37","File %1 was added as title #%2","00015.m2ts","37"
MSG:3307,16777216,2,"File 00457.m2ts was added as title #38","File %1 was added as title #%2","00457.m2ts","38"
MSG:3307,16777216,2,"File 00024.m2ts was added as title #39","File %1 was added as title #%2","00024.m2ts","39"
MSG:3307,16777216,2,"File 00086.m2ts was added as title #40","File %1 was added as title #%2","00086.m2ts","40"
MSG:3307,0,2,"File 00046.m2ts was added as title #41","File %1 was added as title #%2","00046.m2ts","41"
MSG:3307,0,2,"File 00497.m2ts was added as title #42","File %1 was added as title #%2","00497.m2ts","42"
MSG:3307,16777216,2,"File 00077.m2ts was added as title #43","File %1 was added as title #%2","00077.m2ts","43"
MSG:3307,0,2,"File 00092.m2ts was added as title #44","File %1 was added as title #%2","00092.m2ts","44"
MSG:3307,16777216,2,"File 00030.m2ts was added as title #45","File %1 was added as title #%2","00030.m2ts","45"
MSG:3307,0,2,"File 00028.m2ts was added as title #46","File %1 was added as title #%2","00028.m2ts","46"
MSG:3307,16777216,2,"File 00052.m2ts was added as title #47","File %1 was added as title #%2","00052.m2ts","47"
MSG:3307,0,2,"File 00019.m2ts was added as title #48","File %1 was added as title #%2","00019.m2ts","48"
MSG:3307,16777216,2,"File 00096.m2ts was added as title #49","File %1 was added as title #%2","00096.m2ts","49"
MSG:3307,0,2,"File 00067.m2ts was added as title #50","File %1 was added as title #%2","00067.m2ts","50"
MSG:3307,16777216,2,"File 00080.m2ts was added as title #51","File %1 was added as title #%2","00080.m2ts","51"
MSG:3307,0,2,"File 00022.m2ts was added as title #52","File %1 was added as title #%2","00022.m2ts","52"
MSG:3307,16777216,2,"File 00013.m2ts was added as title #53","File %1 was added as title #%2","00013.m2ts","53"
MSG:3307,16777216,2,"File 00460.m2ts was added as title #54","File %1 was added as title #%2","00460.m2ts","54"
MSG:3307,16777216,2,"File 00489.m2ts was added as title #55","File %1 was added as title #%2","00489.m2ts","55"
MSG:3307,0,2,"File 00491.m2ts was added as title #56","File %1 was added as title #%2","00491.m2ts","56"
MSG:3307,0,2,"File 00040.m2ts was added as title #57","File %1 was added as title #%2","00040.m2ts","57"
MSG:3307,16777216,2,"File 00017.m2ts was added as title #58","File %1 was added as title #%2","00017.m2ts","58"
MSG:3307,0,2,"File 00464.m2ts was added as title #59","File %1 was added as title #%2","00464.m2ts","59"
MSG:3307,16777216,2,"File 00500.m2ts was added as title #60","File %1 was added as title #%2","00500.m2ts","60"
MSG:3307,16777216,2,"File 00084.m2ts was added as title #61","File %1 was added as title #%2","00084.m2ts","61"
MSG:3307,16777216,2,"File 00026.m2ts was added as title #62","File %1 was added as title #%2","00026.m2ts","62"
MSG:3307,0,2,"File 00495.m2ts was added as title #63","File %1 was added as title #%2","00495.m2ts","63"
MSG:3307,16777216,2,"File 00075.m2ts was added as title #64","File %1 was added as title #%2","00075.m2ts","64"
MSG:3307,0,2,"File 00032.m2ts was added as title #65","File %1 was added as title #%2","00032.m2ts","65"
MSG:3307,16777216,2,"File 00079.m2ts was added as title #66","File %1 was added as title #%2","00079.m2ts","66"
MSG:3307,16777216,2,"File 00090.m2ts was added as title #67","File %1 was added as title #%2","00090.m2ts","67"
MSG:3307,16777216,2,"File 00499.m2ts was added as title #68","File %1 was added as title #%2","00499.m2ts","68"
MSG:3307,16777216,2,"File 00088.m2ts was added as title #69","File %1 was added as title #%2","00088.m2ts","69"
MSG:3307,0,2,"File 00459.m2ts was added as title #70","File %1 was added as title #%2","00459.m2ts","70"
MSG:3307,16777216,2,"File 00007.m2ts was added as title #71","File %1 was added as title #%2","00007.m2ts","71"
MSG:3307,16777216,2,"File 00036.m2ts was added as title #72","File %1 was added as title #%2","00036.m2ts","72"
MSG:3307,0,2,"File 00094.m2ts was added as title #73","File %1 was added as title #%2","00094.m2ts","73"
MSG:3307,16777216,2,"File 00078.m2ts was added as title #74","File %1 was added as title #%2","00078.m2ts","74"
MSG:3307,16777216,2,"File 00091.m2ts was added as title #75","File %1 was added as title #%2","00091.m2ts","75"
MSG:3307,16777216,2,"File 00498.m2ts was added as title #76","File %1 was added as title #%2","00498.m2ts","76"
MSG:3307,16777216,2,"File 00089.m2ts was added as title #77","File %1 was added as title #%2","00089.m2ts","77"
MSG:3307,16777216,2,"File 00060.m2ts was added as title #78","File %1 was added as title #%2","00060.m2ts","78"
MSG:3307,16777216,2,"File 00458.m2ts was added as title #79","File %1 was added as title #%2","00458.m2ts","79"
MSG:3307,16777216,2,"File 00006.m2ts was added as title #80","File %1 was added as title #%2","00006.m2ts","80"
MSG:3307,0,2,"File 00095.m2ts was added as title #81","File %1 was added as title #%2","00095.m2ts","81"
MSG:3307,16777216,2,"File 00081.m2ts was added as title #82","File %1 was added as title #%2","00081.m2ts","82"
MSG:3307,16777216,2,"File 00023.m2ts was added as title #83","File %1 was added as title #%2","00023.m2ts","83"
MSG:3307,16777216,2,"File 00461.m2ts was added as title #84","File %1 was added as title #%2","00461.m2ts","84"
MSG:3307,0,2,"File 00059.m2ts was added as title #85","File %1 was added as title #%2","00059.m2ts","85"
MSG:3307,16777216,2,"File 00012.m2ts was added as title #86","File %1 was added as title #%2","00012.m2ts","86"
MSG:3307,0,2,"File 00490.m2ts was added as title #87","File %1 was added as title #%2","00490.m2ts","87"
MSG:3307,0,2,"File 00465.m2ts was added as title #88","File %1 was added as title #%2","00465.m2ts","88"
MSG:3307,16777216,2,"File 00016.m2ts was added as title #89","File %1 was added as title #%2","00016.m2ts","89"
MSG:3307,16777216,2,"File 00085.m2ts was added as title #90","File %1 was added as title #%2","00085.m2ts","90"
MSG:3307,16777216,2,"File 00027.m2ts was added as title #91","File %1 was added as title #%2","00027.m2ts","91"
MSG:3307,0,2,"File 00494.m2ts was added as title #92","File %1 was added as title #%2","00494.m2ts","92"
MSG:3307,0,2,"File 00074.m2ts was added as title #93","File %1 was added as title #%2","00074.m2ts","93"
MSG:5011,0,0,"Operation successfully completed","Operation successfully completed"
TCOUNT:94
CINFO:1,6209,"Blu-ray disc"
CINFO:2,0,"TROY - BONUS DISC"
CINFO:28,0,"eng"
CINFO:29,0,"English"
CINFO:30,0,"TROY - BONUS DISC"
CINFO:31,6119,"<b>Source information</b><br>"
CINFO:33,0,"0"
TINFO:0,2,0,"TROY - BONUS DISC"
TINFO:0,8,0,"15"
TINFO:0,9,0,"0:00:15"
TINFO:0,10,0,"5.1 MB"
TINFO:0,11,0,"5431296"
TINFO:0,16,0,"00018.mpls"
TINFO:0,25,0,"15"
TINFO:0,26,0,"406,407,408,409,410,411,412,413,414,417,418,419,420,421,422"
TINFO:0,27,0,"TROY - BONUS DISC_t00.mkv"
TINFO:0,28,0,"eng"
TINFO:0,29,0,"English"
TINFO:0,30,0,"TROY - BONUS DISC - 15 chapter(s) , 5.1 MB"
TINFO:0,31,6120,"<b>Title information</b><br>"
TINFO:0,33,0,"0"
SINFO:0,0,1,6201,"Video"
SINFO:0,0,5,0,"V_MPEG4/ISO/AVC"
SINFO:0,0,6,0,"Mpeg4"
SINFO:0,0,7,0,"Mpeg4 AVC High@L4.1"
SINFO:0,0,19,0,"1920x1080"
SINFO:0,0,20,0,"16:9"
SINFO:0,0,21,0,"23.976 (24000/1001)"
SINFO:0,0,22,0,"0"
SINFO:0,0,28,0,"eng"
SINFO:0,0,29,0,"English"
SINFO:0,0,30,0,"Mpeg4 AVC High@L4.1"
SINFO:0,0,31,6121,"<b>Track information</b><br>"
SINFO:0,0,33,0,"0"
SINFO:0,0,38,0,""
SINFO:0,0,42,5088,"( Lossless conversion )"
TINFO:1,2,0,"TROY - BONUS DISC"
TINFO:1,8,0,"11"
TINFO:1,9,0,"0:10:47"
TINFO:1,10,0,"1.1 GB"
TINFO:1,11,0,"1205600256"
TINFO:1,16,0,"00053.mpls(1)"
TINFO:1,25,0,"12"
TINFO:1,26,0,"72,73,74,75,76,77,78,79,80,81,82,83"
TINFO:1,27,0,"TROY - BONUS DISC_t01.mkv"
TINFO:1,28,0,"eng"
TINFO:1,29,0,"English"
TINFO:1,30,0,"TROY - BONUS DISC - 11 chapter(s) , 1.1 GB"
TINFO:1,31,6120,"<b>Title information</b><br>"
TINFO:1,33,0,"0"
SINFO:1,0,1,6201,"Video"
SINFO:1,0,5,0,"V_MPEG4/ISO/AVC"
SINFO:1,0,6,0,"Mpeg4"
SINFO:1,0,7,0,"Mpeg4 AVC High@L4.1"
SINFO:1,0,19,0,"1920x1080"
SINFO:1,0,20,0,"16:9"
SINFO:1,0,21,0,"29.97 (30000/1001)"
SINFO:1,0,22,0,"0"
SINFO:1,0,28,0,"eng"
SINFO:1,0,29,0,"English"
SINFO:1,0,30,0,"Mpeg4 AVC High@L4.1"
SINFO:1,0,31,6121,"<b>Track information</b><br>"
SINFO:1,0,33,0,"0"
SINFO:1,0,38,0,""
SINFO:1,0,42,5088,"( Lossless conversion )"
SINFO:1,1,1,6202,"Audio"
SINFO:1,1,2,5091,"Stereo"
SINFO:1,1,3,0,"eng"
SINFO:1,1,4,0,"English"
SINFO:1,1,5,0,"A_AC3"
SINFO:1,1,6,0,"DD"
SINFO:1,1,7,0,"Dolby Digital"
SINFO:1,1,13,0,"192 Kb/s"
SINFO:1,1,14,0,"2"
SINFO:1,1,17,0,"48000"
SINFO:1,1,22,0,"0"
SINFO:1,1,28,0,"eng"
SINFO:1,1,29,0,"English"
SINFO:1,1,30,0,"DD Stereo English"
SINFO:1,1,31,6121,"<b>Track information</b><br>"
SINFO:1,1,33,0,"90"
SINFO:1,1,38,0,"d"
SINFO:1,1,39,0,"Default"
SINFO:1,1,40,0,"stereo"
SINFO:1,1,42,5088,"( Lossless conversion )"
TINFO:2,2,0,"TROY - BONUS DISC"
TINFO:2,8,0,"1"
TINFO:2,9,0,"0:02:13"
TINFO:2,10,0,"328.6 MB"
TINFO:2,11,0,"344561664"
TINFO:2,16,0,"00000.mpls"
TINFO:2,25,0,"2"
TINFO:2,26,0,"0,1"
TINFO:2,27,0,"TROY - BONUS DISC_t02.mkv"
TINFO:2,28,0,"eng"
TINFO:2,29,0,"English"
TINFO:2,30,0,"TROY - BONUS DISC - 1 chapter(s) , 328.6 MB"
TINFO:2,31,6120,"<b>Title information</b><br>"
TINFO:2,33,0,"0"
SINFO:2,0,1,6201,"Video"
SINFO:2,0,5,0,"V_MPEG4/ISO/AVC"
SINFO:2,0,6,0,"Mpeg4"
SINFO:2,0,7,0,"Mpeg4 AVC High@L4.1"
SINFO:2,0,19,0,"1920x1080"
SINFO:2,0,20,0,"16:9"
SINFO:2,0,21,0,"23.976 (24000/1001)"
SINFO:2,0,22,0,"0"
SINFO:2,0,28,0,"eng"
SINFO:2,0,29,0,"English"
SINFO:2,0,30,0,"Mpeg4 AVC High@L4.1"
SINFO:2,0,31,6121,"<b>Track information</b><br>"
SINFO:2,0,33,0,"0"
SINFO:2,0,38,0,""
SINFO:2,0,42,5088,"( Lossless conversion )"
SINFO:2,1,1,6202,"Audio"
SINFO:2,1,2,5091,"Stereo"
SINFO:2,1,3,0,"eng"
SINFO:2,1,4,0,"English"
SINFO:2,1,5,0,"A_PCM/INT/LIT"
SINFO:2,1,6,0,"LPCM"
SINFO:2,1,7,0,"Linear PCM"
SINFO:2,1,13,0,"24 Kb/s"
SINFO:2,1,14,0,"2"
SINFO:2,1,17,0,"48000"
SINFO:2,1,18,0,"16"
SINFO:2,1,22,0,"0"
SINFO:2,1,28,0,"eng"
SINFO:2,1,29,0,"English"
SINFO:2,1,30,0,"LPCM Stereo English"
SINFO:2,1,31,6121,"<b>Track information</b><br>"
SINFO:2,1,33,0,"90"
SINFO:2,1,34,0,"Raw LPCM audio without channel configuration metadata ( Lossless conversion )"
SINFO:2,1,35,0,"Save as raw LPCM"
SINFO:2,1,38,0,"d"
SINFO:2,1,39,0,"Default"
SINFO:2,1,40,0,"stereo"
SINFO:2,1,42,5088,"( Lossless conversion )"
TINFO:3,2,0,"TROY - BONUS DISC"
TINFO:3,8,0,"10"
TINFO:3,9,0,"0:23:06"
TINFO:3,10,0,"2.4 GB"
TINFO:3,11,0,"2582003712"
TINFO:3,16,0,"00015.mpls(1)"
TINFO:3,25,0,"11"
TINFO:3,26,0,"7,8,9,10,11,12,13,14,15,16,17"
TINFO:3,27,0,"TROY - BONUS DISC_t03.mkv"
TINFO:3,28,0,"eng"
TINFO:3,29,0,"English"
TINFO:3,30,0,"TROY - BONUS DISC - 10 chapter(s) , 2.4 GB"
TINFO:3,31,6120,"<b>Title information</b><br>"
TINFO:3,33,0,"0"
SINFO:3,0,1,6201,"Video"
SINFO:3,0,5,0,"V_MPEG4/ISO/AVC"
SINFO:3,0,6,0,"Mpeg4"
SINFO:3,0,7,0,"Mpeg4 AVC High@L4.1"
SINFO:3,0,19,0,"1920x1080"
SINFO:3,0,20,0,"16:9"
SINFO:3,0,21,0,"29.97 (30000/1001)"
SINFO:3,0,22,0,"0"
SINFO:3,0,28,0,"eng"
SINFO:3,0,29,0,"English"
SINFO:3,0,30,0,"Mpeg4 AVC High@L4.1"
SINFO:3,0,31,6121,"<b>Track information</b><br>"
SINFO:3,0,33,0,"0"
SINFO:3,0,38,0,""
SINFO:3,0,42,5088,"( Lossless conversion )"
SINFO:3,1,1,6202,"Audio"
SINFO:3,1,2,5091,"Stereo"
SINFO:3,1,3,0,"eng"
SINFO:3,1,4,0,"English"
SINFO:3,1,5,0,"A_AC3"
SINFO:3,1,6,0,"DD"
SINFO:3,1,7,0,"Dolby Digital"
SINFO:3,1,13,0,"192 Kb/s"
SINFO:3,1,14,0,"2"
SINFO:3,1,17,0,"48000"
SINFO:3,1,22,0,"0"
SINFO:3,1,28,0,"eng"
SINFO:3,1,29,0,"English"
SINFO:3,1,30,0,"DD Stereo English"
SINFO:3,1,31,6121,"<b>Track information</b><br>"
SINFO:3,1,33,0,"90"
SINFO:3,1,38,0,"d"
SINFO:3,1,39,0,"Default"
SINFO:3,1,40,0,"stereo"
SINFO:3,1,42,5088,"( Lossless conversion )"
TINFO:4,2,0,"TROY - BONUS DISC"
TINFO:4,8,0,"12"
TINFO:4,9,0,"2:42:48"
TINFO:4,10,0,"32.9 GB"
TINFO:4,11,0,"35327526912"
TINFO:4,16,0,"00001.mpls"
TINFO:4,25,0,"1"
TINFO:4,26,0,"5"
TINFO:4,27,0,"TROY - BONUS DISC_t04.mkv"
TINFO:4,28,0,"eng"
TINFO:4,29,0,"English"
TINFO:4,30,0,"TROY - BONUS DISC - 12 chapter(s) , 32.9 GB"
TINFO:4,31,6120,"<b>Title information</b><br>"
TINFO:4,33,0,"0"
SINFO:4,0,1,6201,"Video"
SINFO:4,0,5,0,"V_MPEG4/ISO/AVC"
SINFO:4,0,6,0,"Mpeg4"
SINFO:4,0,7,0,"Mpeg4 AVC High@L4.1"
SINFO:4,0,19,0,"1920x1080"
SINFO:4,0,20,0,"16:9"
SINFO:4,0,21,0,"23.976 (24000/1001)"
SINFO:4,0,22,0,"0"
SINFO:4,0,28,0,"eng"
SINFO:4,0,29,0,"English"
SINFO:4,0,30,0,"Mpeg4 AVC High@L4.1"
SINFO:4,0,31,6121,"<b>Track information</b><br>"
SINFO:4,0,33,0,"0"
SINFO:4,0,38,0,""
SINFO:4,0,42,5088,"( Lossless conversion )"
SINFO:4,1,1,6202,"Audio"
SINFO:4,1,2,5091,"Stereo"
SINFO:4,1,3,0,"eng"
SINFO:4,1,4,0,"English"
SINFO:4,1,5,0,"A_PCM/INT/LIT"
SINFO:4,1,6,0,"LPCM"
SINFO:4,1,7,0,"Linear PCM"
SINFO:4,1,13,0,"24 Kb/s"
SINFO:4,1,14,0,"2"
SINFO:4,1,17,0,"48000"
SINFO:4,1,18,0,"16"
SINFO:4,1,22,0,"0"
SINFO:4,1,28,0,"eng"
SINFO:4,1,29,0,"English"
SINFO:4,1,30,0,"LPCM Stereo English"
SINFO:4,1,31,6121,"<b>Track information</b><br>"
SINFO:4,1,33,0,"90"
SINFO:4,1,34,0,"Raw LPCM audio without channel configuration metadata ( Lossless conversion )"
SINFO:4,1,35,0,"Save as raw LPCM"
SINFO:4,1,38,0,"d"
SINFO:4,1,39,0,"Default"
SINFO:4,1,40,0,"stereo"
SINFO:4,1,42,5088,"( Lossless conversion )"
TINFO:5,2,0,"TROY - BONUS DISC"
TINFO:5,8,0,"64"
TINFO:5,9,0,"0:01:04"
TINFO:5,10,0,"52.0 MB"
TINFO:5,11,0,"54620160"
TINFO:5,16,0,"00017.mpls"
TINFO:5,25,0,"64"
TINFO:5,26,0,"342,343,344,345,346,347,348,349,350,351,352,353,354,355,356,357,358,359,360,361,362,363,364,365,366,367,368,369,370,371,372,373,374,375,376,377,378,379,380,381,382,383,384,385,386,387,388,389,390,391,392,393,394,395,396,397,398,399,400,401,402,403,404,405"
TINFO:5,27,0,"TROY - BONUS DISC_t05.mkv"
TINFO:5,28,0,"eng"
TINFO:5,29,0,"English"
TINFO:5,30,0,"TROY - BONUS DISC - 64 chapter(s) , 52.0 MB"
TINFO:5,31,6120,"<b>Title information</b><br>"
TINFO:5,33,0,"0"
SINFO:5,0,1,6201,"Video"
SINFO:5,0,5,0,"V_MPEG4/ISO/AVC"
SINFO:5,0,6,0,"Mpeg4"
SINFO:5,0,7,0,"Mpeg4 AVC High@L4.1"
SINFO:5,0,19,0,"1920x1080"
SINFO:5,0,20,0,"16:9"
SINFO:5,0,21,0,"23.976 (24000/1001)"
SINFO:5,0,22,0,"0"
SINFO:5,0,28,0,"eng"
SINFO:5,0,29,0,"English"
SINFO:5,0,30,0,"Mpeg4 AVC High@L4.1"
SINFO:5,0,31,6121,"<b>Track information</b><br>"
SINFO:5,0,33,0,"0"
SINFO:5,0,38,0,""
SINFO:5,0,42,5088,"( Lossless conversion )"
TINFO:6,2,0,"TROY - BONUS DISC"
TINFO:6,8,0,"1"
TINFO:6,9,0,"0:00:28"
TINFO:6,10,0,"9.4 MB"
TINFO:6,11,0,"9891840"
TINFO:6,16,0,"00002.mpls"
TINFO:6,25,0,"2"
TINFO:6,26,0,"3,4"
TINFO:6,27,0,"TROY - BONUS DISC_t06.mkv"
TINFO:6,28,0,"eng"
TINFO:6,29,0,"English"
TINFO:6,30,0,"TROY - BONUS DISC - 1 chapter(s) , 9.4 MB"
TINFO:6,31,6120,"<b>Title information</b><br>"
TINFO:6,33,0,"0"
SINFO:6,0,1,6201,"Video"
SINFO:6,0,5,0,"V_MPEG4/ISO/AVC"
SINFO:6,0,6,0,"Mpeg4"
SINFO:6,0,7,0,"Mpeg4 AVC High@L4.1"
SINFO:6,0,19,0,"1920x1080"
SINFO:6,0,20,0,"16:9"
SINFO:6,0,21,0,"23.976 (24000/1001)"
SINFO:6,0,22,0,"0"
SINFO:6,0,28,0,"eng"
SINFO:6,0,29,0,"English"
SINFO:6,0,30,0,"Mpeg4 AVC High@L4.1"
SINFO:6,0,31,6121,"<b>Track information</b><br>"
SINFO:6,0,33,0,"0"
SINFO:6,0,38,0,""
SINFO:6,0,42,5088,"( Lossless conversion )"
TINFO:7,2,0,"TROY - BONUS DISC"
TINFO:7,8,0,"271"
TINFO:7,9,0,"0:04:31"
TINFO:7,10,0,"207.4 MB"
TINFO:7,11,0,"217528320"
TINFO:7,16,0,"00055.mpls"
TINFO:7,25,0,"271"
TINFO:7,26,0,"34,37,38,39,41,42,43,48,44,49,45,50,51,61,53,62,63,55,64,56,65,57,58,68,69,70,71,98,99,100,101,102,103,104,105,106,107,108,109,110,111,112,113,114,115,116,117,118,119,120,121,122,123,124,125,126,127,128,129,130,131,132,133,134,135,136,137,138,139,140,141,142,143,144,145,146,147,148,149,150,151,152,153,154,155,156,157,158,159,160,161,162,163,164,165,166,167,168,169,170,171,172,..."
TINFO:7,27,0,"TROY - BONUS DISC_t07.mkv"
TINFO:7,28,0,"eng"
TINFO:7,29,0,"English"
TINFO:7,30,0,"TROY - BONUS DISC - 271 chapter(s) , 207.4 MB"
TINFO:7,31,6120,"<b>Title information</b><br>"
TINFO:7,33,0,"0"
SINFO:7,0,1,6201,"Video"
SINFO:7,0,5,0,"V_MPEG4/ISO/AVC"
SINFO:7,0,6,0,"Mpeg4"
SINFO:7,0,7,0,"Mpeg4 AVC High@L4.1"
SINFO:7,0,19,0,"1920x1080"
SINFO:7,0,20,0,"16:9"
SINFO:7,0,21,0,"23.976 (24000/1001)"
SINFO:7,0,22,0,"0"
SINFO:7,0,28,0,"eng"
SINFO:7,0,29,0,"English"
SINFO:7,0,30,0,"Mpeg4 AVC High@L4.1"
SINFO:7,0,31,6121,"<b>Track information</b><br>"
SINFO:7,0,33,0,"0"
SINFO:7,0,38,0,""
SINFO:7,0,42,5088,"( Lossless conversion )"
TINFO:8,2,0,"TROY - BONUS DISC"
TINFO:8,9,0,"0:00:01"
TINFO:8,10,0,"0.0 MB"
TINFO:8,11,0,"18432"
TINFO:8,16,0,"00093.m2ts"
TINFO:8,25,0,"1"
TINFO:8,26,0,"93"
TINFO:8,27,0,"TROY - BONUS DISC_t08.mkv"
TINFO:8,28,0,"eng"
TINFO:8,29,0,"English"
TINFO:8,30,0,"TROY - BONUS DISC , 0.0 MB"
TINFO:8,31,6120,"<b>Title information</b><br>"
TINFO:8,33,0,"0"
SINFO:8,0,1,6201,"Video"
SINFO:8,0,5,0,"V_MPEG4/ISO/AVC"
SINFO:8,0,6,0,"Mpeg4"
SINFO:8,0,7,0,"Mpeg4 AVC High@L4.1"
SINFO:8,0,19,0,"1920x1080"
SINFO:8,0,20,0,"16:9"
SINFO:8,0,21,0,"29.97 (30000/1001)"
SINFO:8,0,22,0,"0"
SINFO:8,0,28,0,"eng"
SINFO:8,0,29,0,"English"
SINFO:8,0,30,0,"Mpeg4 AVC High@L4.1"
SINFO:8,0,31,6121,"<b>Track information</b><br>"
SINFO:8,0,33,0,"0"
SINFO:8,0,38,0,""
SINFO:8,0,42,5088,"( Lossless conversion )"
TINFO:9,2,0,"TROY - BONUS DISC"
TINFO:9,9,0,"0:01:25"
TINFO:9,10,0,"151.2 MB"
TINFO:9,11,0,"158564352"
TINFO:9,16,0,"00031.m2ts"
TINFO:9,25,0,"1"
TINFO:9,26,0,"31"
TINFO:9,27,0,"TROY - BONUS DISC_t09.mkv"
TINFO:9,28,0,"eng"
TINFO:9,29,0,"English"
TINFO:9,30,0,"TROY - BONUS DISC , 151.2 MB"
TINFO:9,31,6120,"<b>Title information</b><br>"
TINFO:9,33,0,"0"
SINFO:9,0,1,6201,"Video"
SINFO:9,0,5,0,"V_MPEG4/ISO/AVC"
SINFO:9,0,6,0,"Mpeg4"
SINFO:9,0,7,0,"Mpeg4 AVC High@L4.1"
SINFO:9,0,19,0,"1920x1080"
SINFO:9,0,20,0,"16:9"
SINFO:9,0,21,0,"29.97 (30000/1001)"
SINFO:9,0,22,0,"0"
SINFO:9,0,28,0,"eng"
SINFO:9,0,29,0,"English"
SINFO:9,0,30,0,"Mpeg4 AVC High@L4.1"
SINFO:9,0,31,6121,"<b>Track information</b><br>"
SINFO:9,0,33,0,"0"
SINFO:9,0,38,0,""
SINFO:9,0,42,5088,"( Lossless conversion )"
SINFO:9,1,1,6202,"Audio"
SINFO:9,1,2,5091,"Stereo"
SINFO:9,1,3,0,"eng"
SINFO:9,1,4,0,"English"
SINFO:9,1,5,0,"A_AC3"
SINFO:9,1,6,0,"DD"
SINFO:9,1,7,0,"Dolby Digital"
SINFO:9,1,13,0,"192 Kb/s"
SINFO:9,1,14,0,"2"
SINFO:9,1,17,0,"48000"
SINFO:9,1,22,0,"0"
SINFO:9,1,28,0,"eng"
SINFO:9,1,29,0,"English"
SINFO:9,1,30,0,"DD Stereo English"
SINFO:9,1,31,6121,"<b>Track information</b><br>"
SINFO:9,1,33,0,"90"
SINFO:9,1,38,0,"d"
SINFO:9,1,39,0,"Default"
SINFO:9,1,40,0,"stereo"
SINFO:9,1,42,5088,"( Lossless conversion )"
TINFO:10,2,0,"TROY - BONUS DISC"
TINFO:10,9,0,"0:17:12"
TINFO:10,10,0,"1.7 GB"
TINFO:10,11,0,"1925971968"
TINFO:10,16,0,"00029.m2ts"
TINFO:10,25,0,"1"
TINFO:10,26,0,"29"
TINFO:10,27,0,"TROY - BONUS DISC_t10.mkv"
TINFO:10,28,0,"eng"
TINFO:10,29,0,"English"
TINFO:10,30,0,"TROY - BONUS DISC , 1.7 GB"
TINFO:10,31,6120,"<b>Title information</b><br>"
TINFO:10,33,0,"0"
SINFO:10,0,1,6201,"Video"
SINFO:10,0,5,0,"V_MPEG4/ISO/AVC"
SINFO:10,0,6,0,"Mpeg4"
SINFO:10,0,7,0,"Mpeg4 AVC High@L4.1"
SINFO:10,0,19,0,"1920x1080"
SINFO:10,0,20,0,"16:9"
SINFO:10,0,21,0,"29.97 (30000/1001)"
SINFO:10,0,22,0,"0"
SINFO:10,0,28,0,"eng"
SINFO:10,0,29,0,"English"
SINFO:10,0,30,0,"Mpeg4 AVC High@L4.1"
SINFO:10,0,31,6121,"<b>Track information</b><br>"
SINFO:10,0,33,0,"0"
SINFO:10,0,38,0,""
SINFO:10,0,42,5088,"( Lossless conversion )"
SINFO:10,1,1,6202,"Audio"
SINFO:10,1,2,5091,"Stereo"
SINFO:10,1,3,0,"eng"
SINFO:10,1,4,0,"English"
SINFO:10,1,5,0,"A_AC3"
SINFO:10,1,6,0,"DD"
SINFO:10,1,7,0,"Dolby Digital"
SINFO:10,1,13,0,"192 Kb/s"
SINFO:10,1,14,0,"2"
SINFO:10,1,17,0,"48000"
SINFO:10,1,22,0,"0"
SINFO:10,1,28,0,"eng"
SINFO:10,1,29,0,"English"
SINFO:10,1,30,0,"DD Stereo English"
SINFO:10,1,31,6121,"<b>Track information</b><br>"
SINFO:10,1,33,0,"90"
SINFO:10,1,38,0,"d"
SINFO:10,1,39,0,"Default"
SINFO:10,1,40,0,"stereo"
SINFO:10,1,42,5088,"( Lossless conversion )"
TINFO:11,2,0,"TROY - BONUS DISC"
TINFO:11,9,0,"0:00:01"
TINFO:11,10,0,"0.0 MB"
TINFO:11,11,0,"18432"
TINFO:11,16,0,"00018.m2ts"
TINFO:11,25,0,"1"
TINFO:11,26,0,"18"
TINFO:11,27,0,"TROY - BONUS DISC_t11.mkv"
TINFO:11,28,0,"eng"
TINFO:11,29,0,"English"
TINFO:11,30,0,"TROY - BONUS DISC , 0.0 MB"
TINFO:11,31,6120,"<b>Title information</b><br>"
TINFO:11,33,0,"0"
SINFO:11,0,1,6201,"Video"
SINFO:11,0,5,0,"V_MPEG4/ISO/AVC"
SINFO:11,0,6,0,"Mpeg4"
SINFO:11,0,7,0,"Mpeg4 AVC High@L4.1"
SINFO:11,0,19,0,"1920x1080"
SINFO:11,0,20,0,"16:9"
SINFO:11,0,21,0,"29.97 (30000/1001)"
SINFO:11,0,22,0,"0"
SINFO:11,0,28,0,"eng"
SINFO:11,0,29,0,"English"
SINFO:11,0,30,0,"Mpeg4 AVC High@L4.1"
SINFO:11,0,31,6121,"<b>Track information</b><br>"
SINFO:11,0,33,0,"0"
SINFO:11,0,38,0,""
SINFO:11,0,42,5088,"( Lossless conversion )"
TINFO:12,2,0,"TROY - BONUS DISC"
TINFO:12,9,0,"0:00:01"
TINFO:12,10,0,"0.0 MB"
TINFO:12,11,0,"18432"
TINFO:12,16,0,"00097.m2ts"
TINFO:12,25,0,"1"
TINFO:12,26,0,"97"
TINFO:12,27,0,"TROY - BONUS DISC_t12.mkv"
TINFO:12,28,0,"eng"
TINFO:12,29,0,"English"
TINFO:12,30,0,"TROY - BONUS DISC , 0.0 MB"
TINFO:12,31,6120,"<b>Title information</b><br>"
TINFO:12,33,0,"0"
SINFO:12,0,1,6201,"Video"
SINFO:12,0,5,0,"V_MPEG4/ISO/AVC"
SINFO:12,0,6,0,"Mpeg4"
SINFO:12,0,7,0,"Mpeg4 AVC High@L4.1"
SINFO:12,0,19,0,"1920x1080"
SINFO:12,0,20,0,"16:9"
SINFO:12,0,21,0,"23.976 (24000/1001)"
SINFO:12,0,22,0,"0"
SINFO:12,0,28,0,"eng"
SINFO:12,0,29,0,"English"
SINFO:12,0,30,0,"Mpeg4 AVC High@L4.1"
SINFO:12,0,31,6121,"<b>Track information</b><br>"
SINFO:12,0,33,0,"0"
SINFO:12,0,38,0,""
SINFO:12,0,42,5088,"( Lossless conversion )"
TINFO:13,2,0,"TROY - BONUS DISC"
TINFO:13,9,0,"0:00:01"
TINFO:13,10,0,"0.0 MB"
TINFO:13,11,0,"18432"
TINFO:13,16,0,"00035.m2ts"
TINFO:13,25,0,"1"
TINFO:13,26,0,"35"
TINFO:13,27,0,"TROY - BONUS DISC_t13.mkv"
TINFO:13,28,0,"eng"
TINFO:13,29,0,"English"
TINFO:13,30,0,"TROY - BONUS DISC , 0.0 MB"
TINFO:13,31,6120,"<b>Title information</b><br>"
TINFO:13,33,0,"0"
SINFO:13,0,1,6201,"Video"
SINFO:13,0,5,0,"V_MPEG4/ISO/AVC"
SINFO:13,0,6,0,"Mpeg4"
SINFO:13,0,7,0,"Mpeg4 AVC High@L4.1"
SINFO:13,0,19,0,"1920x1080"
SINFO:13,0,20,0,"16:9"
SINFO:13,0,21,0,"29.97 (30000/1001)"
SINFO:13,0,22,0,"0"
SINFO:13,0,28,0,"eng"
SINFO:13,0,29,0,"English"
SINFO:13,0,30,0,"Mpeg4 AVC High@L4.1"
SINFO:13,0,31,6121,"<b>Track information</b><br>"
SINFO:13,0,33,0,"0"
SINFO:13,0,38,0,""
SINFO:13,0,42,5088,"( Lossless conversion )"
TINFO:14,2,0,"TROY - BONUS DISC"
TINFO:14,9,0,"0:00:01"
TINFO:14,10,0,"0.0 MB"
TINFO:14,11,0,"18432"
TINFO:14,16,0,"00066.m2ts"
TINFO:14,25,0,"1"
TINFO:14,26,0,"66"
TINFO:14,27,0,"TROY - BONUS DISC_t14.mkv"
TINFO:14,28,0,"eng"
TINFO:14,29,0,"English"
TINFO:14,30,0,"TROY - BONUS DISC , 0.0 MB"
TINFO:14,31,6120,"<b>Title information</b><br>"
TINFO:14,33,0,"0"
SINFO:14,0,1,6201,"Video"
SINFO:14,0,5,0,"V_MPEG4/ISO/AVC"
SINFO:14,0,6,0,"Mpeg4"
SINFO:14,0,7,0,"Mpeg4 AVC High@L4.1"
SINFO:14,0,19,0,"1920x1080"
SINFO:14,0,20,0,"16:9"
SINFO:14,0,21,0,"29.97 (30000/1001)"
SINFO:14,0,22,0,"0"
SINFO:14,0,28,0,"eng"
SINFO:14,0,29,0,"English"
SINFO:14,0,30,0,"Mpeg4 AVC High@L4.1"
SINFO:14,0,31,6121,"<b>Track information</b><br>"
SINFO:14,0,33,0,"0"
SINFO:14,0,38,0,""
SINFO:14,0,42,5088,"( Lossless conversion )"
TINFO:15,2,0,"TROY - BONUS DISC"
TINFO:15,9,0,"0:00:01"
TINFO:15,10,0,"0.0 MB"
TINFO:15,11,0,"18432"
TINFO:15,16,0,"00021.m2ts"
TINFO:15,25,0,"1"
TINFO:15,26,0,"21"
TINFO:15,27,0,"TROY - BONUS DISC_t15.mkv"
TINFO:15,28,0,"eng"
TINFO:15,29,0,"English"
TINFO:15,30,0,"TROY - BONUS DISC , 0.0 MB"
TINFO:15,31,6120,"<b>Title information</b><br>"
TINFO:15,33,0,"0"
SINFO:15,0,1,6201,"Video"
SINFO:15,0,5,0,"V_MPEG4/ISO/AVC"
SINFO:15,0,6,0,"Mpeg4"
SINFO:15,0,7,0,"Mpeg4 AVC High@L4.1"
SINFO:15,0,19,0,"1920x1080"
SINFO:15,0,20,0,"16:9"
SINFO:15,0,21,0,"29.97 (30000/1001)"
SINFO:15,0,22,0,"0"
SINFO:15,0,28,0,"eng"
SINFO:15,0,29,0,"English"
SINFO:15,0,30,0,"Mpeg4 AVC High@L4.1"
SINFO:15,0,31,6121,"<b>Track information</b><br>"
SINFO:15,0,33,0,"0"
SINFO:15,0,38,0,""
SINFO:15,0,42,5088,"( Lossless conversion )"
TINFO:16,2,0,"TROY - BONUS DISC"
TINFO:16,9,0,"0:00:49"
TINFO:16,10,0,"88.4 MB"
TINFO:16,11,0,"92712960"
TINFO:16,16,0,"00083.m2ts"
TINFO:16,25,0,"1"
TINFO:16,26,0,"83"
TINFO:16,27,0,"TROY - BONUS DISC_t16.mkv"
TINFO:16,28,0,"eng"
TINFO:16,29,0,"English"
TINFO:16,30,0,"TROY - BONUS DISC , 88.4 MB"
TINFO:16,31,6120,"<b>Title information</b><br>"
TINFO:16,33,0,"0"
SINFO:16,0,1,6201,"Video"
SINFO:16,0,5,0,"V_MPEG4/ISO/AVC"
SINFO:16,0,6,0,"Mpeg4"
SINFO:16,0,7,0,"Mpeg4 AVC High@L4.1"
SINFO:16,0,19,0,"1920x1080"
SINFO:16,0,20,0,"16:9"
SINFO:16,0,21,0,"29.97 (30000/1001)"
SINFO:16,0,22,0,"0"
SINFO:16,0,28,0,"eng"
SINFO:16,0,29,0,"English"
SINFO:16,0,30,0,"Mpeg4 AVC High@L4.1"
SINFO:16,0,31,6121,"<b>Track information</b><br>"
SINFO:16,0,33,0,"0"
SINFO:16,0,38,0,""
SINFO:16,0,42,5088,"( Lossless conversion )"
SINFO:16,1,1,6202,"Audio"
SINFO:16,1,2,5091,"Stereo"
SINFO:16,1,3,0,"eng"
SINFO:16,1,4,0,"English"
SINFO:16,1,5,0,"A_AC3"
SINFO:16,1,6,0,"DD"
SINFO:16,1,7,0,"Dolby Digital"
SINFO:16,1,13,0,"192 Kb/s"
SINFO:16,1,14,0,"2"
SINFO:16,1,17,0,"48000"
SINFO:16,1,22,0,"0"
SINFO:16,1,28,0,"eng"
SINFO:16,1,29,0,"English"
SINFO:16,1,30,0,"DD Stereo English"
SINFO:16,1,31,6121,"<b>Track information</b><br>"
SINFO:16,1,33,0,"90"
SINFO:16,1,38,0,"d"
SINFO:16,1,39,0,"Default"
SINFO:16,1,40,0,"stereo"
SINFO:16,1,42,5088,"( Lossless conversion )"
TINFO:17,2,0,"TROY - BONUS DISC"
TINFO:17,9,0,"0:03:37"
TINFO:17,10,0,"386.7 MB"
TINFO:17,11,0,"405510144"
TINFO:17,16,0,"00010.m2ts"
TINFO:17,25,0,"1"
TINFO:17,26,0,"10"
TINFO:17,27,0,"TROY - BONUS DISC_t17.mkv"
TINFO:17,28,0,"eng"
TINFO:17,29,0,"English"
TINFO:17,30,0,"TROY - BONUS DISC , 386.7 MB"
TINFO:17,31,6120,"<b>Title information</b><br>"
TINFO:17,33,0,"0"
SINFO:17,0,1,6201,"Video"
SINFO:17,0,5,0,"V_MPEG4/ISO/AVC"
SINFO:17,0,6,0,"Mpeg4"
SINFO:17,0,7,0,"Mpeg4 AVC High@L4.1"
SINFO:17,0,19,0,"1920x1080"
SINFO:17,0,20,0,"16:9"
SINFO:17,0,21,0,"29.97 (30000/1001)"
SINFO:17,0,22,0,"0"
SINFO:17,0,28,0,"eng"
SINFO:17,0,29,0,"English"
SINFO:17,0,30,0,"Mpeg4 AVC High@L4.1"
SINFO:17,0,31,6121,"<b>Track information</b><br>"
SINFO:17,0,33,0,"0"
SINFO:17,0,38,0,""
SINFO:17,0,42,5088,"( Lossless conversion )"
SINFO:17,1,1,6202,"Audio"
SINFO:17,1,2,5091,"Stereo"
SINFO:17,1,3,0,"eng"
SINFO:17,1,4,0,"English"
SINFO:17,1,5,0,"A_AC3"
SINFO:17,1,6,0,"DD"
SINFO:17,1,7,0,"Dolby Digital"
SINFO:17,1,13,0,"192 Kb/s"
SINFO:17,1,14,0,"2"
SINFO:17,1,17,0,"48000"
SINFO:17,1,22,0,"0"
SINFO:17,1,28,0,"eng"
SINFO:17,1,29,0,"English"
SINFO:17,1,30,0,"DD Stereo English"
SINFO:17,1,31,6121,"<b>Track information</b><br>"
SINFO:17,1,33,0,"90"
SINFO:17,1,38,0,"d"
SINFO:17,1,39,0,"Default"
SINFO:17,1,40,0,"stereo"
SINFO:17,1,42,5088,"( Lossless conversion )"
TINFO:18,2,0,"TROY - BONUS DISC"
TINFO:18,9,0,"0:00:01"
TINFO:18,10,0,"0.0 MB"
TINFO:18,11,0,"18432"
TINFO:18,16,0,"00463.m2ts"
TINFO:18,25,0,"1"
TINFO:18,26,0,"463"
TINFO:18,27,0,"TROY - BONUS DISC_t18.mkv"
TINFO:18,28,0,"eng"
TINFO:18,29,0,"English"
TINFO:18,30,0,"TROY - BONUS DISC , 0.0 MB"
TINFO:18,31,6120,"<b>Title information</b><br>"
TINFO:18,33,0,"0"
SINFO:18,0,1,6201,"Video"
SINFO:18,0,5,0,"V_MPEG4/ISO/AVC"
SINFO:18,0,6,0,"Mpeg4"
SINFO:18,0,7,0,"Mpeg4 AVC High@L4.1"
SINFO:18,0,19,0,"1920x1080"
SINFO:18,0,20,0,"16:9"
SINFO:18,0,21,0,"29.97 (30000/1001)"
SINFO:18,0,22,0,"0"
SINFO:18,0,28,0,"eng"
SINFO:18,0,29,0,"English"
SINFO:18,0,30,0,"Mpeg4 AVC High@L4.1"
SINFO:18,0,31,6121,"<b>Track information</b><br>"
SINFO:18,0,33,0,"0"
SINFO:18,0,38,0,""
SINFO:18,0,42,5088,"( Lossless conversion )"
TINFO:19,2,0,"TROY - BONUS DISC"
TINFO:19,9,0,"0:00:22"
TINFO:19,10,0,"40.1 MB"
TINFO:19,11,0,"42135552"
TINFO:19,16,0,"00072.m2ts"
TINFO:19,25,0,"1"
TINFO:19,26,0,"72"
TINFO:19,27,0,"TROY - BONUS DISC_t19.mkv"
TINFO:19,28,0,"eng"
TINFO:19,29,0,"English"
TINFO:19,30,0,"TROY - BONUS DISC , 40.1 MB"
TINFO:19,31,6120,"<b>Title information</b><br>"
TINFO:19,33,0,"0"
SINFO:19,0,1,6201,"Video"
SINFO:19,0,5,0,"V_MPEG4/ISO/AVC"
SINFO:19,0,6,0,"Mpeg4"
SINFO:19,0,7,0,"Mpeg4 AVC High@L4.1"
SINFO:19,0,19,0,"1920x1080"
SINFO:19,0,20,0,"16:9"
SINFO:19,0,21,0,"29.97 (30000/1001)"
SINFO:19,0,22,0,"0"
SINFO:19,0,28,0,"eng"
SINFO:19,0,29,0,"English"
SINFO:19,0,30,0,"Mpeg4 AVC High@L4.1"
SINFO:19,0,31,6121,"<b>Track information</b><br>"
SINFO:19,0,33,0,"0"
SINFO:19,0,38,0,""
SINFO:19,0,42,5088,"( Lossless conversion )"
SINFO:19,1,1,6202,"Audio"
SINFO:19,1,2,5091,"Stereo"
SINFO:19,1,3,0,"eng"
SINFO:19,1,4,0,"English"
SINFO:19,1,5,0,"A_AC3"
SINFO:19,1,6,0,"DD"
SINFO:19,1,7,0,"Dolby Digital"
SINFO:19,1,13,0,"192 Kb/s"
SINFO:19,1,14,0,"2"
SINFO:19,1,17,0,"48000"
SINFO:19,1,22,0,"0"
SINFO:19,1,28,0,"eng"
SINFO:19,1,29,0,"English"
SINFO:19,1,30,0,"DD Stereo English"
SINFO:19,1,31,6121,"<b>Track information</b><br>"
SINFO:19,1,33,0,"90"
SINFO:19,1,38,0,"d"
SINFO:19,1,39,0,"Default"
SINFO:19,1,40,0,"stereo"
SINFO:19,1,42,5088,"( Lossless conversion )"
TINFO:20,2,0,"TROY - BONUS DISC"
TINFO:20,9,0,"0:02:01"
TINFO:20,10,0,"216.3 MB"
TINFO:20,11,0,"226867200"
TINFO:20,16,0,"00008.m2ts"
TINFO:20,25,0,"1"
TINFO:20,26,0,"8"
TINFO:20,27,0,"TROY - BONUS DISC_t20.mkv"
TINFO:20,28,0,"eng"
TINFO:20,29,0,"English"
TINFO:20,30,0,"TROY - BONUS DISC , 216.3 MB"
TINFO:20,31,6120,"<b>Title information</b><br>"
TINFO:20,33,0,"0"
SINFO:20,0,1,6201,"Video"
SINFO:20,0,5,0,"V_MPEG4/ISO/AVC"
SINFO:20,0,6,0,"Mpeg4"
SINFO:20,0,7,0,"Mpeg4 AVC High@L4.1"
SINFO:20,0,19,0,"1920x1080"
SINFO:20,0,20,0,"16:9"
SINFO:20,0,21,0,"29.97 (30000/1001)"
SINFO:20,0,22,0,"0"
SINFO:20,0,28,0,"eng"
SINFO:20,0,29,0,"English"
SINFO:20,0,30,0,"Mpeg4 AVC High@L4.1"
SINFO:20,0,31,6121,"<b>Track information</b><br>"
SINFO:20,0,33,0,"0"
SINFO:20,0,38,0,""
SINFO:20,0,42,5088,"( Lossless conversion )"
SINFO:20,1,1,6202,"Audio"
SINFO:20,1,2,5091,"Stereo"
SINFO:20,1,3,0,"eng"
SINFO:20,1,4,0,"English"
SINFO:20,1,5,0,"A_AC3"
SINFO:20,1,6,0,"DD"
SINFO:20,1,7,0,"Dolby Digital"
SINFO:20,1,13,0,"192 Kb/s"
SINFO:20,1,14,0,"2"
SINFO:20,1,17,0,"48000"
SINFO:20,1,22,0,"0"
SINFO:20,1,28,0,"eng"
SINFO:20,1,29,0,"English"
SINFO:20,1,30,0,"DD Stereo English"
SINFO:20,1,31,6121,"<b>Track information</b><br>"
SINFO:20,1,33,0,"90"
SINFO:20,1,38,0,"d"
SINFO:20,1,39,0,"Default"
SINFO:20,1,40,0,"stereo"
SINFO:20,1,42,5088,"( Lossless conversion )"
TINFO:21,2,0,"TROY - BONUS DISC"
TINFO:21,9,0,"0:00:01"
TINFO:21,10,0,"0.0 MB"
TINFO:21,11,0,"18432"
TINFO:21,16,0,"00492.m2ts"
TINFO:21,25,0,"1"
TINFO:21,26,0,"492"
TINFO:21,27,0,"TROY - BONUS DISC_t21.mkv"
TINFO:21,28,0,"eng"
TINFO:21,29,0,"English"
TINFO:21,30,0,"TROY - BONUS DISC , 0.0 MB"
TINFO:21,31,6120,"<b>Title information</b><br>"
TINFO:21,33,0,"0"
SINFO:21,0,1,6201,"Video"
SINFO:21,0,5,0,"V_MPEG4/ISO/AVC"
SINFO:21,0,6,0,"Mpeg4"
SINFO:21,0,7,0,"Mpeg4 AVC High@L4.1"
SINFO:21,0,19,0,"1920x1080"
SINFO:21,0,20,0,"16:9"
SINFO:21,0,21,0,"29.97 (30000/1001)"
SINFO:21,0,22,0,"0"
SINFO:21,0,28,0,"eng"
SINFO:21,0,29,0,"English"
SINFO:21,0,30,0,"Mpeg4 AVC High@L4.1"
SINFO:21,0,31,6121,"<b>Track information</b><br>"
SINFO:21,0,33,0,"0"
SINFO:21,0,38,0,""
SINFO:21,0,42,5088,"( Lossless conversion )"
TINFO:22,2,0,"TROY - BONUS DISC"
TINFO:22,9,0,"0:02:12"
TINFO:22,10,0,"235.3 MB"
TINFO:22,11,0,"246804480"
TINFO:22,16,0,"00014.m2ts"
TINFO:22,25,0,"1"
TINFO:22,26,0,"14"
TINFO:22,27,0,"TROY - BONUS DISC_t22.mkv"
TINFO:22,28,0,"eng"
TINFO:22,29,0,"English"
TINFO:22,30,0,"TROY - BONUS DISC , 235.3 MB"
TINFO:22,31,6120,"<b>Title information</b><br>"
TINFO:22,33,0,"0"
SINFO:22,0,1,6201,"Video"
SINFO:22,0,5,0,"V_MPEG4/ISO/AVC"
SINFO:22,0,6,0,"Mpeg4"
SINFO:22,0,7,0,"Mpeg4 AVC High@L4.1"
SINFO:22,0,19,0,"1920x1080"
SINFO:22,0,20,0,"16:9"
SINFO:22,0,21,0,"29.97 (30000/1001)"
SINFO:22,0,22,0,"0"
SINFO:22,0,28,0,"eng"
SINFO:22,0,29,0,"English"
SINFO:22,0,30,0,"Mpeg4 AVC High@L4.1"
SINFO:22,0,31,6121,"<b>Track information</b><br>"
SINFO:22,0,33,0,"0"
SINFO:22,0,38,0,""
SINFO:22,0,42,5088,"( Lossless conversion )"
SINFO:22,1,1,6202,"Audio"
SINFO:22,1,2,5091,"Stereo"
SINFO:22,1,3,0,"eng"
SINFO:22,1,4,0,"English"
SINFO:22,1,5,0,"A_AC3"
SINFO:22,1,6,0,"DD"
SINFO:22,1,7,0,"Dolby Digital"
SINFO:22,1,13,0,"192 Kb/s"
SINFO:22,1,14,0,"2"
SINFO:22,1,17,0,"48000"
SINFO:22,1,22,0,"0"
SINFO:22,1,28,0,"eng"
SINFO:22,1,29,0,"English"
SINFO:22,1,30,0,"DD Stereo English"
SINFO:22,1,31,6121,"<b>Track information</b><br>"
SINFO:22,1,33,0,"90"
SINFO:22,1,38,0,"d"
SINFO:22,1,39,0,"Default"
SINFO:22,1,40,0,"stereo"
SINFO:22,1,42,5088,"( Lossless conversion )"
TINFO:23,2,0,"TROY - BONUS DISC"
TINFO:23,9,0,"0:00:01"
TINFO:23,10,0,"0.0 MB"
TINFO:23,11,0,"18432"
TINFO:23,16,0,"00467.m2ts"
TINFO:23,25,0,"1"
TINFO:23,26,0,"467"
TINFO:23,27,0,"TROY - BONUS DISC_t23.mkv"
TINFO:23,28,0,"eng"
TINFO:23,29,0,"English"
TINFO:23,30,0,"TROY - BONUS DISC , 0.0 MB"
TINFO:23,31,6120,"<b>Title information</b><br>"
TINFO:23,33,0,"0"
SINFO:23,0,1,6201,"Video"
SINFO:23,0,5,0,"V_MPEG4/ISO/AVC"
SINFO:23,0,6,0,"Mpeg4"
SINFO:23,0,7,0,"Mpeg4 AVC High@L4.1"
SINFO:23,0,19,0,"1920x1080"
SINFO:23,0,20,0,"16:9"
SINFO:23,0,21,0,"29.97 (30000/1001)"
SINFO:23,0,22,0,"0"
SINFO:23,0,28,0,"eng"
SINFO:23,0,29,0,"English"
SINFO:23,0,30,0,"Mpeg4 AVC High@L4.1"
SINFO:23,0,31,6121,"<b>Track information</b><br>"
SINFO:23,0,33,0,"0"
SINFO:23,0,38,0,""
SINFO:23,0,42,5088,"( Lossless conversion )"
TINFO:24,2,0,"TROY - BONUS DISC"
TINFO:24,9,0,"0:00:01"
TINFO:24,10,0,"0.0 MB"
TINFO:24,11,0,"18432"
TINFO:24,16,0,"00025.m2ts"
TINFO:24,25,0,"1"
TINFO:24,26,0,"25"
TINFO:24,27,0,"TROY - BONUS DISC_t24.mkv"
TINFO:24,28,0,"eng"
TINFO:24,29,0,"English"
TINFO:24,30,0,"TROY - BONUS DISC , 0.0 MB"
TINFO:24,31,6120,"<b>Title information</b><br>"
TINFO:24,33,0,"0"
SINFO:24,0,1,6201,"Video"
SINFO:24,0,5,0,"V_MPEG4/ISO/AVC"
SINFO:24,0,6,0,"Mpeg4"
SINFO:24,0,7,0,"Mpeg4 AVC High@L4.1"
SINFO:24,0,19,0,"1920x1080"
SINFO:24,0,20,0,"16:9"
SINFO:24,0,21,0,"29.97 (30000/1001)"
SINFO:24,0,22,0,"0"
SINFO:24,0,28,0,"eng"
SINFO:24,0,29,0,"English"
SINFO:24,0,30,0,"Mpeg4 AVC High@L4.1"
SINFO:24,0,31,6121,"<b>Track information</b><br>"
SINFO:24,0,33,0,"0"
SINFO:24,0,38,0,""
SINFO:24,0,42,5088,"( Lossless conversion )"
TINFO:25,2,0,"TROY - BONUS DISC"
TINFO:25,9,0,"0:00:01"
TINFO:25,10,0,"0.0 MB"
TINFO:25,11,0,"18432"
TINFO:25,16,0,"00087.m2ts"
TINFO:25,25,0,"1"
TINFO:25,26,0,"87"
TINFO:25,27,0,"TROY - BONUS DISC_t25.mkv"
TINFO:25,28,0,"eng"
TINFO:25,29,0,"English"
TINFO:25,30,0,"TROY - BONUS DISC , 0.0 MB"
TINFO:25,31,6120,"<b>Title information</b><br>"
TINFO:25,33,0,"0"
SINFO:25,0,1,6201,"Video"
SINFO:25,0,5,0,"V_MPEG4/ISO/AVC"
SINFO:25,0,6,0,"Mpeg4"
SINFO:25,0,7,0,"Mpeg4 AVC High@L4.1"
SINFO:25,0,19,0,"1920x1080"
SINFO:25,0,20,0,"16:9"
SINFO:25,0,21,0,"29.97 (30000/1001)"
SINFO:25,0,22,0,"0"
SINFO:25,0,28,0,"eng"
SINFO:25,0,29,0,"English"
SINFO:25,0,30,0,"Mpeg4 AVC High@L4.1"
SINFO:25,0,31,6121,"<b>Track information</b><br>"
SINFO:25,0,33,0,"0"
SINFO:25,0,38,0,""
SINFO:25,0,42,5088,"( Lossless conversion )"
TINFO:26,2,0,"TROY - BONUS DISC"
TINFO:26,9,0,"0:00:01"
TINFO:26,10,0,"0.0 MB"
TINFO:26,11,0,"18432"
TINFO:26,16,0,"00047.m2ts"
TINFO:26,25,0,"1"
TINFO:26,26,0,"47"
TINFO:26,27,0,"TROY - BONUS DISC_t26.mkv"
TINFO:26,28,0,"eng"
TINFO:26,29,0,"English"
TINFO:26,30,0,"TROY - BONUS DISC , 0.0 MB"
TINFO:26,31,6120,"<b>Title information</b><br>"
TINFO:26,33,0,"0"
SINFO:26,0,1,6201,"Video"
SINFO:26,0,5,0,"V_MPEG4/ISO/AVC"
SINFO:26,0,6,0,"Mpeg4"
SINFO:26,0,7,0,"Mpeg4 AVC High@L4.1"
SINFO:26,0,19,0,"1920x1080"
SINFO:26,0,20,0,"16:9"
SINFO:26,0,21,0,"29.97 (30000/1001)"
SINFO:26,0,22,0,"0"
SINFO:26,0,28,0,"eng"
SINFO:26,0,29,0,"English"
SINFO:26,0,30,0,"Mpeg4 AVC High@L4.1"
SINFO:26,0,31,6121,"<b>Track information</b><br>"
SINFO:26,0,33,0,"0"
SINFO:26,0,38,0,""
SINFO:26,0,42,5088,"( Lossless conversion )"
TINFO:27,2,0,"TROY - BONUS DISC"
TINFO:27,9,0,"0:00:01"
TINFO:27,10,0,"0.0 MB"
TINFO:27,11,0,"18432"
TINFO:27,16,0,"00496.m2ts"
TINFO:27,25,0,"1"
TINFO:27,26,0,"496"
TINFO:27,27,0,"TROY - BONUS DISC_t27.mkv"
TINFO:27,28,0,"eng"
TINFO:27,29,0,"English"
TINFO:27,30,0,"TROY - BONUS DISC , 0.0 MB"
TINFO:27,31,6120,"<b>Title information</b><br>"
TINFO:27,33,0,"0"
SINFO:27,0,1,6201,"Video"
SINFO:27,0,5,0,"V_MPEG4/ISO/AVC"
SINFO:27,0,6,0,"Mpeg4"
SINFO:27,0,7,0,"Mpeg4 AVC High@L4.1"
SINFO:27,0,19,0,"1920x1080"
SINFO:27,0,20,0,"16:9"
SINFO:27,0,21,0,"29.97 (30000/1001)"
SINFO:27,0,22,0,"0"
SINFO:27,0,28,0,"eng"
SINFO:27,0,29,0,"English"
SINFO:27,0,30,0,"Mpeg4 AVC High@L4.1"
SINFO:27,0,31,6121,"<b>Track information</b><br>"
SINFO:27,0,33,0,"0"
SINFO:27,0,38,0,""
SINFO:27,0,42,5088,"( Lossless conversion )"
TINFO:28,2,0,"TROY - BONUS DISC"
TINFO:28,9,0,"0:01:27"
TINFO:28,10,0,"154.8 MB"
TINFO:28,11,0,"162416640"
TINFO:28,16,0,"00076.m2ts"
TINFO:28,25,0,"1"
TINFO:28,26,0,"76"
TINFO:28,27,0,"TROY - BONUS DISC_t28.mkv"
TINFO:28,28,0,"eng"
TINFO:28,29,0,"English"
TINFO:28,30,0,"TROY - BONUS DISC , 154.8 MB"
TINFO:28,31,6120,"<b>Title information</b><br>"
TINFO:28,33,0,"0"
SINFO:28,0,1,6201,"Video"
SINFO:28,0,5,0,"V_MPEG4/ISO/AVC"
SINFO:28,0,6,0,"Mpeg4"
SINFO:28,0,7,0,"Mpeg4 AVC High@L4.1"
SINFO:28,0,19,0,"1920x1080"
SINFO:28,0,20,0,"16:9"
SINFO:28,0,21,0,"29.97 (30000/1001)"
SINFO:28,0,22,0,"0"
SINFO:28,0,28,0,"eng"
SINFO:28,0,29,0,"English"
SINFO:28,0,30,0,"Mpeg4 AVC High@L4.1"
SINFO:28,0,31,6121,"<b>Track information</b><br>"
SINFO:28,0,33,0,"0"
SINFO:28,0,38,0,""
SINFO:28,0,42,5088,"( Lossless conversion )"
SINFO:28,1,1,6202,"Audio"
SINFO:28,1,2,5091,"Stereo"
SINFO:28,1,3,0,"eng"
SINFO:28,1,4,0,"English"
SINFO:28,1,5,0,"A_AC3"
SINFO:28,1,6,0,"DD"
SINFO:28,1,7,0,"Dolby Digital"
SINFO:28,1,13,0,"192 Kb/s"
SINFO:28,1,14,0,"2"
SINFO:28,1,17,0,"48000"
SINFO:28,1,22,0,"0"
SINFO:28,1,28,0,"eng"
SINFO:28,1,29,0,"English"
SINFO:28,1,30,0,"DD Stereo English"
SINFO:28,1,31,6121,"<b>Track information</b><br>"
SINFO:28,1,33,0,"90"
SINFO:28,1,38,0,"d"
SINFO:28,1,39,0,"Default"
SINFO:28,1,40,0,"stereo"
SINFO:28,1,42,5088,"( Lossless conversion )"
TINFO:29,2,0,"TROY - BONUS DISC"
TINFO:29,9,0,"0:00:01"
TINFO:29,10,0,"0.0 MB"
TINFO:29,11,0,"18432"
TINFO:29,16,0,"00020.m2ts"
TINFO:29,25,0,"1"
TINFO:29,26,0,"20"
TINFO:29,27,0,"TROY - BONUS DISC_t29.mkv"
TINFO:29,28,0,"eng"
TINFO:29,29,0,"English"
TINFO:29,30,0,"TROY - BONUS DISC , 0.0 MB"
TINFO:29,31,6120,"<b>Title information</b><br>"
TINFO:29,33,0,"0"
SINFO:29,0,1,6201,"Video"
SINFO:29,0,5,0,"V_MPEG4/ISO/AVC"
SINFO:29,0,6,0,"Mpeg4"
SINFO:29,0,7,0,"Mpeg4 AVC High@L4.1"
SINFO:29,0,19,0,"1920x1080"
SINFO:29,0,20,0,"16:9"
SINFO:29,0,21,0,"29.97 (30000/1001)"
SINFO:29,0,22,0,"0"
SINFO:29,0,28,0,"eng"
SINFO:29,0,29,0,"English"
SINFO:29,0,30,0,"Mpeg4 AVC High@L4.1"
SINFO:29,0,31,6121,"<b>Track information</b><br>"
SINFO:29,0,33,0,"0"
SINFO:29,0,38,0,""
SINFO:29,0,42,5088,"( Lossless conversion )"
TINFO:30,2,0,"TROY - BONUS DISC"
TINFO:30,9,0,"0:01:11"
TINFO:30,10,0,"126.4 MB"
TINFO:30,11,0,"132624384"
TINFO:30,16,0,"00082.m2ts"
TINFO:30,25,0,"1"
TINFO:30,26,0,"82"
TINFO:30,27,0,"TROY - BONUS DISC_t30.mkv"
TINFO:30,28,0,"eng"
TINFO:30,29,0,"English"
TINFO:30,30,0,"TROY - BONUS DISC , 126.4 MB"
TINFO:30,31,6120,"<b>Title information</b><br>"
TINFO:30,33,0,"0"
SINFO:30,0,1,6201,"Video"
SINFO:30,0,5,0,"V_MPEG4/ISO/AVC"
SINFO:30,0,6,0,"Mpeg4"
SINFO:30,0,7,0,"Mpeg4 AVC High@L4.1"
SINFO:30,0,19,0,"1920x1080"
SINFO:30,0,20,0,"16:9"
SINFO:30,0,21,0,"29.97 (30000/1001)"
SINFO:30,0,22,0,"0"
SINFO:30,0,28,0,"eng"
SINFO:30,0,29,0,"English"
SINFO:30,0,30,0,"Mpeg4 AVC High@L4.1"
SINFO:30,0,31,6121,"<b>Track information</b><br>"
SINFO:30,0,33,0,"0"
SINFO:30,0,38,0,""
SINFO:30,0,42,5088,"( Lossless conversion )"
SINFO:30,1,1,6202,"Audio"
SINFO:30,1,2,5091,"Stereo"
SINFO:30,1,3,0,"eng"
SINFO:30,1,4,0,"English"
SINFO:30,1,5,0,"A_AC3"
SINFO:30,1,6,0,"DD"
SINFO:30,1,7,0,"Dolby Digital"
SINFO:30,1,13,0,"192 Kb/s"
SINFO:30,1,14,0,"2"
SINFO:30,1,17,0,"48000"
SINFO:30,1,22,0,"0"
SINFO:30,1,28,0,"eng"
SINFO:30,1,29,0,"English"
SINFO:30,1,30,0,"DD Stereo English"
SINFO:30,1,31,6121,"<b>Track information</b><br>"
SINFO:30,1,33,0,"90"
SINFO:30,1,38,0,"d"
SINFO:30,1,39,0,"Default"
SINFO:30,1,40,0,"stereo"
SINFO:30,1,42,5088,"( Lossless conversion )"
TINFO:31,2,0,"TROY - BONUS DISC"
TINFO:31,9,0,"0:00:01"
TINFO:31,10,0,"0.0 MB"
TINFO:31,11,0,"18432"
TINFO:31,16,0,"00462.m2ts"
TINFO:31,25,0,"1"
TINFO:31,26,0,"462"
TINFO:31,27,0,"TROY - BONUS DISC_t31.mkv"
TINFO:31,28,0,"eng"
TINFO:31,29,0,"English"
TINFO:31,30,0,"TROY - BONUS DISC , 0.0 MB"
TINFO:31,31,6120,"<b>Title information</b><br>"
TINFO:31,33,0,"0"
SINFO:31,0,1,6201,"Video"
SINFO:31,0,5,0,"V_MPEG4/ISO/AVC"
SINFO:31,0,6,0,"Mpeg4"
SINFO:31,0,7,0,"Mpeg4 AVC High@L4.1"
SINFO:31,0,19,0,"1920x1080"
SINFO:31,0,20,0,"16:9"
SINFO:31,0,21,0,"29.97 (30000/1001)"
SINFO:31,0,22,0,"0"
SINFO:31,0,28,0,"eng"
SINFO:31,0,29,0,"English"
SINFO:31,0,30,0,"Mpeg4 AVC High@L4.1"
SINFO:31,0,31,6121,"<b>Track information</b><br>"
SINFO:31,0,33,0,"0"
SINFO:31,0,38,0,""
SINFO:31,0,42,5088,"( Lossless conversion )"
TINFO:32,2,0,"TROY - BONUS DISC"
TINFO:32,9,0,"0:03:07"
TINFO:32,10,0,"332.6 MB"
TINFO:32,11,0,"348825600"
TINFO:32,16,0,"00011.m2ts"
TINFO:32,25,0,"1"
TINFO:32,26,0,"11"
TINFO:32,27,0,"TROY - BONUS DISC_t32.mkv"
TINFO:32,28,0,"eng"
TINFO:32,29,0,"English"
TINFO:32,30,0,"TROY - BONUS DISC , 332.6 MB"
TINFO:32,31,6120,"<b>Title information</b><br>"
TINFO:32,33,0,"0"
SINFO:32,0,1,6201,"Video"
SINFO:32,0,5,0,"V_MPEG4/ISO/AVC"
SINFO:32,0,6,0,"Mpeg4"
SINFO:32,0,7,0,"Mpeg4 AVC High@L4.1"
SINFO:32,0,19,0,"1920x1080"
SINFO:32,0,20,0,"16:9"
SINFO:32,0,21,0,"29.97 (30000/1001)"
SINFO:32,0,22,0,"0"
SINFO:32,0,28,0,"eng"
SINFO:32,0,29,0,"English"
SINFO:32,0,30,0,"Mpeg4 AVC High@L4.1"
SINFO:32,0,31,6121,"<b>Track information</b><br>"
SINFO:32,0,33,0,"0"
SINFO:32,0,38,0,""
SINFO:32,0,42,5088,"( Lossless conversion )"
SINFO:32,1,1,6202,"Audio"
SINFO:32,1,2,5091,"Stereo"
SINFO:32,1,3,0,"eng"
SINFO:32,1,4,0,"English"
SINFO:32,1,5,0,"A_AC3"
SINFO:32,1,6,0,"DD"
SINFO:32,1,7,0,"Dolby Digital"
SINFO:32,1,13,0,"192 Kb/s"
SINFO:32,1,14,0,"2"
SINFO:32,1,17,0,"48000"
SINFO:32,1,22,0,"0"
SINFO:32,1,28,0,"eng"
SINFO:32,1,29,0,"English"
SINFO:32,1,30,0,"DD Stereo English"
SINFO:32,1,31,6121,"<b>Track information</b><br>"
SINFO:32,1,33,0,"90"
SINFO:32,1,38,0,"d"
SINFO:32,1,39,0,"Default"
SINFO:32,1,40,0,"stereo"
SINFO:32,1,42,5088,"( Lossless conversion )"
TINFO:33,2,0,"TROY - BONUS DISC"
TINFO:33,9,0,"0:00:52"
TINFO:33,10,0,"92.3 MB"
TINFO:33,11,0,"96872448"
TINFO:33,16,0,"00073.m2ts"
TINFO:33,25,0,"1"
TINFO:33,26,0,"73"
TINFO:33,27,0,"TROY - BONUS DISC_t33.mkv"
TINFO:33,28,0,"eng"
TINFO:33,29,0,"English"
TINFO:33,30,0,"TROY - BONUS DISC , 92.3 MB"
TINFO:33,31,6120,"<b>Title information</b><br>"
TINFO:33,33,0,"0"
SINFO:33,0,1,6201,"Video"
SINFO:33,0,5,0,"V_MPEG4/ISO/AVC"
SINFO:33,0,6,0,"Mpeg4"
SINFO:33,0,7,0,"Mpeg4 AVC High@L4.1"
SINFO:33,0,19,0,"1920x1080"
SINFO:33,0,20,0,"16:9"
SINFO:33,0,21,0,"29.97 (30000/1001)"
SINFO:33,0,22,0,"0"
SINFO:33,0,28,0,"eng"
SINFO:33,0,29,0,"English"
SINFO:33,0,30,0,"Mpeg4 AVC High@L4.1"
SINFO:33,0,31,6121,"<b>Track information</b><br>"
SINFO:33,0,33,0,"0"
SINFO:33,0,38,0,""
SINFO:33,0,42,5088,"( Lossless conversion )"
SINFO:33,1,1,6202,"Audio"
SINFO:33,1,2,5091,"Stereo"
SINFO:33,1,3,0,"eng"
SINFO:33,1,4,0,"English"
SINFO:33,1,5,0,"A_AC3"
SINFO:33,1,6,0,"DD"
SINFO:33,1,7,0,"Dolby Digital"
SINFO:33,1,13,0,"192 Kb/s"
SINFO:33,1,14,0,"2"
SINFO:33,1,17,0,"48000"
SINFO:33,1,22,0,"0"
SINFO:33,1,28,0,"eng"
SINFO:33,1,29,0,"English"
SINFO:33,1,30,0,"DD Stereo English"
SINFO:33,1,31,6121,"<b>Track information</b><br>"
SINFO:33,1,33,0,"90"
SINFO:33,1,38,0,"d"
SINFO:33,1,39,0,"Default"
SINFO:33,1,40,0,"stereo"
SINFO:33,1,42,5088,"( Lossless conversion )"
TINFO:34,2,0,"TROY - BONUS DISC"
TINFO:34,9,0,"0:01:25"
TINFO:34,10,0,"151.9 MB"
TINFO:34,11,0,"159356928"
TINFO:34,16,0,"00009.m2ts"
TINFO:34,25,0,"1"
TINFO:34,26,0,"9"
TINFO:34,27,0,"TROY - BONUS DISC_t34.mkv"
TINFO:34,28,0,"eng"
TINFO:34,29,0,"English"
TINFO:34,30,0,"TROY - BONUS DISC , 151.9 MB"
TINFO:34,31,6120,"<b>Title information</b><br>"
TINFO:34,33,0,"0"
SINFO:34,0,1,6201,"Video"
SINFO:34,0,5,0,"V_MPEG4/ISO/AVC"
SINFO:34,0,6,0,"Mpeg4"
SINFO:34,0,7,0,"Mpeg4 AVC High@L4.1"
SINFO:34,0,19,0,"1920x1080"
SINFO:34,0,20,0,"16:9"
SINFO:34,0,21,0,"29.97 (30000/1001)"
SINFO:34,0,22,0,"0"
SINFO:34,0,28,0,"eng"
SINFO:34,0,29,0,"English"
SINFO:34,0,30,0,"Mpeg4 AVC High@L4.1"
SINFO:34,0,31,6121,"<b>Track information</b><br>"
SINFO:34,0,33,0,"0"
SINFO:34,0,38,0,""
SINFO:34,0,42,5088,"( Lossless conversion )"
SINFO:34,1,1,6202,"Audio"
SINFO:34,1,2,5091,"Stereo"
SINFO:34,1,3,0,"eng"
SINFO:34,1,4,0,"English"
SINFO:34,1,5,0,"A_AC3"
SINFO:34,1,6,0,"DD"
SINFO:34,1,7,0,"Dolby Digital"
SINFO:34,1,13,0,"192 Kb/s"
SINFO:34,1,14,0,"2"
SINFO:34,1,17,0,"48000"
SINFO:34,1,22,0,"0"
SINFO:34,1,28,0,"eng"
SINFO:34,1,29,0,"English"
SINFO:34,1,30,0,"DD Stereo English"
SINFO:34,1,31,6121,"<b>Track information</b><br>"
SINFO:34,1,33,0,"90"
SINFO:34,1,38,0,"d"
SINFO:34,1,39,0,"Default"
SINFO:34,1,40,0,"stereo"
SINFO:34,1,42,5088,"( Lossless conversion )"
TINFO:35,2,0,"TROY - BONUS DISC"
TINFO:35,9,0,"0:00:01"
TINFO:35,10,0,"0.0 MB"
TINFO:35,11,0,"18432"
TINFO:35,16,0,"00493.m2ts"
TINFO:35,25,0,"1"
TINFO:35,26,0,"493"
TINFO:35,27,0,"TROY - BONUS DISC_t35.mkv"
TINFO:35,28,0,"eng"
TINFO:35,29,0,"English"
TINFO:35,30,0,"TROY - BONUS DISC , 0.0 MB"
TINFO:35,31,6120,"<b>Title information</b><br>"
TINFO:35,33,0,"0"
SINFO:35,0,1,6201,"Video"
SINFO:35,0,5,0,"V_MPEG4/ISO/AVC"
SINFO:35,0,6,0,"Mpeg4"
SINFO:35,0,7,0,"Mpeg4 AVC High@L4.1"
SINFO:35,0,19,0,"1920x1080"
SINFO:35,0,20,0,"16:9"
SINFO:35,0,21,0,"29.97 (30000/1001)"
SINFO:35,0,22,0,"0"
SINFO:35,0,28,0,"eng"
SINFO:35,0,29,0,"English"
SINFO:35,0,30,0,"Mpeg4 AVC High@L4.1"
SINFO:35,0,31,6121,"<b>Track information</b><br>"
SINFO:35,0,33,0,"0"
SINFO:35,0,38,0,""
SINFO:35,0,42,5088,"( Lossless conversion )"
TINFO:36,2,0,"TROY - BONUS DISC"
TINFO:36,9,0,"0:00:01"
TINFO:36,10,0,"0.0 MB"
TINFO:36,11,0,"18432"
TINFO:36,16,0,"00466.m2ts"
TINFO:36,25,0,"1"
TINFO:36,26,0,"466"
TINFO:36,27,0,"TROY - BONUS DISC_t36.mkv"
TINFO:36,28,0,"eng"
TINFO:36,29,0,"English"
TINFO:36,30,0,"TROY - BONUS DISC , 0.0 MB"
TINFO:36,31,6120,"<b>Title information</b><br>"
TINFO:36,33,0,"0"
SINFO:36,0,1,6201,"Video"
SINFO:36,0,5,0,"V_MPEG4/ISO/AVC"
SINFO:36,0,6,0,"Mpeg4"
SINFO:36,0,7,0,"Mpeg4 AVC High@L4.1"
SINFO:36,0,19,0,"1920x1080"
SINFO:36,0,20,0,"16:9"
SINFO:36,0,21,0,"29.97 (30000/1001)"
SINFO:36,0,22,0,"0"
SINFO:36,0,28,0,"eng"
SINFO:36,0,29,0,"English"
SINFO:36,0,30,0,"Mpeg4 AVC High@L4.1"
SINFO:36,0,31,6121,"<b>Track information</b><br>"
SINFO:36,0,33,0,"0"
SINFO:36,0,38,0,""
SINFO:36,0,42,5088,"( Lossless conversion )"
TINFO:37,2,0,"TROY - BONUS DISC"
TINFO:37,9,0,"0:00:56"
TINFO:37,10,0,"99.6 MB"
TINFO:37,11,0,"104472576"
TINFO:37,16,0,"00015.m2ts"
TINFO:37,25,0,"1"
TINFO:37,26,0,"15"
TINFO:37,27,0,"TROY - BONUS DISC_t37.mkv"
TINFO:37,28,0,"eng"
TINFO:37,29,0,"English"
TINFO:37,30,0,"TROY - BONUS DISC , 99.6 MB"
TINFO:37,31,6120,"<b>Title information</b><br>"
TINFO:37,33,0,"0"
SINFO:37,0,1,6201,"Video"
SINFO:37,0,5,0,"V_MPEG4/ISO/AVC"
SINFO:37,0,6,0,"Mpeg4"
SINFO:37,0,7,0,"Mpeg4 AVC High@L4.1"
SINFO:37,0,19,0,"1920x1080"
SINFO:37,0,20,0,"16:9"
SINFO:37,0,21,0,"29.97 (30000/1001)"
SINFO:37,0,22,0,"0"
SINFO:37,0,28,0,"eng"
SINFO:37,0,29,0,"English"
SINFO:37,0,30,0,"Mpeg4 AVC High@L4.1"
SINFO:37,0,31,6121,"<b>Track information</b><br>"
SINFO:37,0,33,0,"0"
SINFO:37,0,38,0,""
SINFO:37,0,42,5088,"( Lossless conversion )"
SINFO:37,1,1,6202,"Audio"
SINFO:37,1,2,5091,"Stereo"
SINFO:37,1,3,0,"eng"
SINFO:37,1,4,0,"English"
SINFO:37,1,5,0,"A_AC3"
SINFO:37,1,6,0,"DD"
SINFO:37,1,7,0,"Dolby Digital"
SINFO:37,1,13,0,"192 Kb/s"
SINFO:37,1,14,0,"2"
SINFO:37,1,17,0,"48000"
SINFO:37,1,22,0,"0"
SINFO:37,1,28,0,"eng"
SINFO:37,1,29,0,"English"
SINFO:37,1,30,0,"DD Stereo English"
SINFO:37,1,31,6121,"<b>Track information</b><br>"
SINFO:37,1,33,0,"90"
SINFO:37,1,38,0,"d"
SINFO:37,1,39,0,"Default"
SINFO:37,1,40,0,"stereo"
SINFO:37,1,42,5088,"( Lossless conversion )"
TINFO:38,2,0,"TROY - BONUS DISC"
TINFO:38,9,0,"0:00:01"
TINFO:38,10,0,"0.0 MB"
TINFO:38,11,0,"18432"
TINFO:38,16,0,"00457.m2ts"
TINFO:38,25,0,"1"
TINFO:38,26,0,"457"
TINFO:38,27,0,"TROY - BONUS DISC_t38.mkv"
TINFO:38,28,0,"eng"
TINFO:38,29,0,"English"
TINFO:38,30,0,"TROY - BONUS DISC , 0.0 MB"
TINFO:38,31,6120,"<b>Title information</b><br>"
TINFO:38,33,0,"0"
SINFO:38,0,1,6201,"Video"
SINFO:38,0,5,0,"V_MPEG4/ISO/AVC"
SINFO:38,0,6,0,"Mpeg4"
SINFO:38,0,7,0,"Mpeg4 AVC High@L4.1"
SINFO:38,0,19,0,"1920x1080"
SINFO:38,0,20,0,"16:9"
SINFO:38,0,21,0,"29.97 (30000/1001)"
SINFO:38,0,22,0,"0"
SINFO:38,0,28,0,"eng"
SINFO:38,0,29,0,"English"
SINFO:38,0,30,0,"Mpeg4 AVC High@L4.1"
SINFO:38,0,31,6121,"<b>Track information</b><br>"
SINFO:38,0,33,0,"0"
SINFO:38,0,38,0,""
SINFO:38,0,42,5088,"( Lossless conversion )"
TINFO:39,2,0,"TROY - BONUS DISC"
TINFO:39,9,0,"0:00:01"
TINFO:39,10,0,"0.0 MB"
TINFO:39,11,0,"18432"
TINFO:39,16,0,"00024.m2ts"
TINFO:39,25,0,"1"
TINFO:39,26,0,"24"
TINFO:39,27,0,"TROY - BONUS DISC_t39.mkv"
TINFO:39,28,0,"eng"
TINFO:39,29,0,"English"
TINFO:39,30,0,"TROY - BONUS DISC , 0.0 MB"
TINFO:39,31,6120,"<b>Title information</b><br>"
TINFO:39,33,0,"0"
SINFO:39,0,1,6201,"Video"
SINFO:39,0,5,0,"V_MPEG4/ISO/AVC"
SINFO:39,0,6,0,"Mpeg4"
SINFO:39,0,7,0,"Mpeg4 AVC High@L4.1"
SINFO:39,0,19,0,"1920x1080"
SINFO:39,0,20,0,"16:9"
SINFO:39,0,21,0,"29.97 (30000/1001)"
SINFO:39,0,22,0,"0"
SINFO:39,0,28,0,"eng"
SINFO:39,0,29,0,"English"
SINFO:39,0,30,0,"Mpeg4 AVC High@L4.1"
SINFO:39,0,31,6121,"<b>Track information</b><br>"
SINFO:39,0,33,0,"0"
SINFO:39,0,38,0,""
SINFO:39,0,42,5088,"( Lossless conversion )"
TINFO:40,2,0,"TROY - BONUS DISC"
TINFO:40,9,0,"0:00:01"
TINFO:40,10,0,"0.0 MB"
TINFO:40,11,0,"18432"
TINFO:40,16,0,"00086.m2ts"
TINFO:40,25,0,"1"
TINFO:40,26,0,"86"
TINFO:40,27,0,"TROY - BONUS DISC_t40.mkv"
TINFO:40,28,0,"eng"
TINFO:40,29,0,"English"
TINFO:40,30,0,"TROY - BONUS DISC , 0.0 MB"
TINFO:40,31,6120,"<b>Title information</b><br>"
TINFO:40,33,0,"0"
SINFO:40,0,1,6201,"Video"
SINFO:40,0,5,0,"V_MPEG4/ISO/AVC"
SINFO:40,0,6,0,"Mpeg4"
SINFO:40,0,7,0,"Mpeg4 AVC High@L4.1"
SINFO:40,0,19,0,"1920x1080"
SINFO:40,0,20,0,"16:9"
SINFO:40,0,21,0,"29.97 (30000/1001)"
SINFO:40,0,22,0,"0"
SINFO:40,0,28,0,"eng"
SINFO:40,0,29,0,"English"
SINFO:40,0,30,0,"Mpeg4 AVC High@L4.1"
SINFO:40,0,31,6121,"<b>Track information</b><br>"
SINFO:40,0,33,0,"0"
SINFO:40,0,38,0,""
SINFO:40,0,42,5088,"( Lossless conversion )"
TINFO:41,2,0,"TROY - BONUS DISC"
TINFO:41,9,0,"0:00:01"
TINFO:41,10,0,"0.0 MB"
TINFO:41,11,0,"18432"
TINFO:41,16,0,"00046.m2ts"
TINFO:41,25,0,"1"
TINFO:41,26,0,"46"
TINFO:41,27,0,"TROY - BONUS DISC_t41.mkv"
TINFO:41,28,0,"eng"
TINFO:41,29,0,"English"
TINFO:41,30,0,"TROY - BONUS DISC , 0.0 MB"
TINFO:41,31,6120,"<b>Title information</b><br>"
TINFO:41,33,0,"0"
SINFO:41,0,1,6201,"Video"
SINFO:41,0,5,0,"V_MPEG4/ISO/AVC"
SINFO:41,0,6,0,"Mpeg4"
SINFO:41,0,7,0,"Mpeg4 AVC High@L4.1"
SINFO:41,0,19,0,"1920x1080"
SINFO:41,0,20,0,"16:9"
SINFO:41,0,21,0,"29.97 (30000/1001)"
SINFO:41,0,22,0,"0"
SINFO:41,0,28,0,"eng"
SINFO:41,0,29,0,"English"
SINFO:41,0,30,0,"Mpeg4 AVC High@L4.1"
SINFO:41,0,31,6121,"<b>Track information</b><br>"
SINFO:41,0,33,0,"0"
SINFO:41,0,38,0,""
SINFO:41,0,42,5088,"( Lossless conversion )"
TINFO:42,2,0,"TROY - BONUS DISC"
TINFO:42,9,0,"0:00:01"
TINFO:42,10,0,"0.0 MB"
TINFO:42,11,0,"18432"
TINFO:42,16,0,"00497.m2ts"
TINFO:42,25,0,"1"
TINFO:42,26,0,"497"
TINFO:42,27,0,"TROY - BONUS DISC_t42.mkv"
TINFO:42,28,0,"eng"
TINFO:42,29,0,"English"
TINFO:42,30,0,"TROY - BONUS DISC , 0.0 MB"
TINFO:42,31,6120,"<b>Title information</b><br>"
TINFO:42,33,0,"0"
SINFO:42,0,1,6201,"Video"
SINFO:42,0,5,0,"V_MPEG4/ISO/AVC"
SINFO:42,0,6,0,"Mpeg4"
SINFO:42,0,7,0,"Mpeg4 AVC High@L4.1"
SINFO:42,0,19,0,"1920x1080"
SINFO:42,0,20,0,"16:9"
SINFO:42,0,21,0,"29.97 (30000/1001)"
SINFO:42,0,22,0,"0"
SINFO:42,0,28,0,"eng"
SINFO:42,0,29,0,"English"
SINFO:42,0,30,0,"Mpeg4 AVC High@L4.1"
SINFO:42,0,31,6121,"<b>Track information</b><br>"
SINFO:42,0,33,0,"0"
SINFO:42,0,38,0,""
SINFO:42,0,42,5088,"( Lossless conversion )"
TINFO:43,2,0,"TROY - BONUS DISC"
TINFO:43,9,0,"0:00:58"
TINFO:43,10,0,"103.3 MB"
TINFO:43,11,0,"108337152"
TINFO:43,16,0,"00077.m2ts"
TINFO:43,25,0,"1"
TINFO:43,26,0,"77"
TINFO:43,27,0,"TROY - BONUS DISC_t43.mkv"
TINFO:43,28,0,"eng"
TINFO:43,29,0,"English"
TINFO:43,30,0,"TROY - BONUS DISC , 103.3 MB"
TINFO:43,31,6120,"<b>Title information</b><br>"
TINFO:43,33,0,"0"
SINFO:43,0,1,6201,"Video"
SINFO:43,0,5,0,"V_MPEG4/ISO/AVC"
SINFO:43,0,6,0,"Mpeg4"
SINFO:43,0,7,0,"Mpeg4 AVC High@L4.1"
SINFO:43,0,19,0,"1920x1080"
SINFO:43,0,20,0,"16:9"
SINFO:43,0,21,0,"29.97 (30000/1001)"
SINFO:43,0,22,0,"0"
SINFO:43,0,28,0,"eng"
SINFO:43,0,29,0,"English"
SINFO:43,0,30,0,"Mpeg4 AVC High@L4.1"
SINFO:43,0,31,6121,"<b>Track information</b><br>"
SINFO:43,0,33,0,"0"
SINFO:43,0,38,0,""
SINFO:43,0,42,5088,"( Lossless conversion )"
SINFO:43,1,1,6202,"Audio"
SINFO:43,1,2,5091,"Stereo"
SINFO:43,1,3,0,"eng"
SINFO:43,1,4,0,"English"
SINFO:43,1,5,0,"A_AC3"
SINFO:43,1,6,0,"DD"
SINFO:43,1,7,0,"Dolby Digital"
SINFO:43,1,13,0,"192 Kb/s"
SINFO:43,1,14,0,"2"
SINFO:43,1,17,0,"48000"
SINFO:43,1,22,0,"0"
SINFO:43,1,28,0,"eng"
SINFO:43,1,29,0,"English"
SINFO:43,1,30,0,"DD Stereo English"
SINFO:43,1,31,6121,"<b>Track information</b><br>"
SINFO:43,1,33,0,"90"
SINFO:43,1,38,0,"d"
SINFO:43,1,39,0,"Default"
SINFO:43,1,40,0,"stereo"
SINFO:43,1,42,5088,"( Lossless conversion )"
TINFO:44,2,0,"TROY - BONUS DISC"
TINFO:44,9,0,"0:00:01"
TINFO:44,10,0,"0.0 MB"
TINFO:44,11,0,"18432"
TINFO:44,16,0,"00092.m2ts"
TINFO:44,25,0,"1"
TINFO:44,26,0,"92"
TINFO:44,27,0,"TROY - BONUS DISC_t44.mkv"
TINFO:44,28,0,"eng"
TINFO:44,29,0,"English"
TINFO:44,30,0,"TROY - BONUS DISC , 0.0 MB"
TINFO:44,31,6120,"<b>Title information</b><br>"
TINFO:44,33,0,"0"
SINFO:44,0,1,6201,"Video"
SINFO:44,0,5,0,"V_MPEG4/ISO/AVC"
SINFO:44,0,6,0,"Mpeg4"
SINFO:44,0,7,0,"Mpeg4 AVC High@L4.1"
SINFO:44,0,19,0,"1920x1080"
SINFO:44,0,20,0,"16:9"
SINFO:44,0,21,0,"29.97 (30000/1001)"
SINFO:44,0,22,0,"0"
SINFO:44,0,28,0,"eng"
SINFO:44,0,29,0,"English"
SINFO:44,0,30,0,"Mpeg4 AVC High@L4.1"
SINFO:44,0,31,6121,"<b>Track information</b><br>"
SINFO:44,0,33,0,"0"
SINFO:44,0,38,0,""
SINFO:44,0,42,5088,"( Lossless conversion )"
TINFO:45,2,0,"TROY - BONUS DISC"
TINFO:45,9,0,"0:15:10"
TINFO:45,10,0,"1.5 GB"
TINFO:45,11,0,"1697771520"
TINFO:45,16,0,"00030.m2ts"
TINFO:45,25,0,"1"
TINFO:45,26,0,"30"
TINFO:45,27,0,"TROY - BONUS DISC_t45.mkv"
TINFO:45,28,0,"eng"
TINFO:45,29,0,"English"
TINFO:45,30,0,"TROY - BONUS DISC , 1.5 GB"
TINFO:45,31,6120,"<b>Title information</b><br>"
TINFO:45,33,0,"0"
SINFO:45,0,1,6201,"Video"
SINFO:45,0,5,0,"V_MPEG4/ISO/AVC"
SINFO:45,0,6,0,"Mpeg4"
SINFO:45,0,7,0,"Mpeg4 AVC High@L4.1"
SINFO:45,0,19,0,"1920x1080"
SINFO:45,0,20,0,"16:9"
SINFO:45,0,21,0,"29.97 (30000/1001)"
SINFO:45,0,22,0,"0"
SINFO:45,0,28,0,"eng"
SINFO:45,0,29,0,"English"
SINFO:45,0,30,0,"Mpeg4 AVC High@L4.1"
SINFO:45,0,31,6121,"<b>Track information</b><br>"
SINFO:45,0,33,0,"0"
SINFO:45,0,38,0,""
SINFO:45,0,42,5088,"( Lossless conversion )"
SINFO:45,1,1,6202,"Audio"
SINFO:45,1,2,5091,"Stereo"
SINFO:45,1,3,0,"eng"
SINFO:45,1,4,0,"English"
SINFO:45,1,5,0,"A_AC3"
SINFO:45,1,6,0,"DD"
SINFO:45,1,7,0,"Dolby Digital"
SINFO:45,1,13,0,"192 Kb/s"
SINFO:45,1,14,0,"2"
SINFO:45,1,17,0,"48000"
SINFO:45,1,22,0,"0"
SINFO:45,1,28,0,"eng"
SINFO:45,1,29,0,"English"
SINFO:45,1,30,0,"DD Stereo English"
SINFO:45,1,31,6121,"<b>Track information</b><br>"
SINFO:45,1,33,0,"90"
SINFO:45,1,38,0,"d"
SINFO:45,1,39,0,"Default"
SINFO:45,1,40,0,"stereo"
SINFO:45,1,42,5088,"( Lossless conversion )"
TINFO:46,2,0,"TROY - BONUS DISC"
TINFO:46,9,0,"0:00:01"
TINFO:46,10,0,"0.0 MB"
TINFO:46,11,0,"18432"
TINFO:46,16,0,"00028.m2ts"
TINFO:46,25,0,"1"
TINFO:46,26,0,"28"
TINFO:46,27,0,"TROY - BONUS DISC_t46.mkv"
TINFO:46,28,0,"eng"
TINFO:46,29,0,"English"
TINFO:46,30,0,"TROY - BONUS DISC , 0.0 MB"
TINFO:46,31,6120,"<b>Title information</b><br>"
TINFO:46,33,0,"0"
SINFO:46,0,1,6201,"Video"
SINFO:46,0,5,0,"V_MPEG4/ISO/AVC"
SINFO:46,0,6,0,"Mpeg4"
SINFO:46,0,7,0,"Mpeg4 AVC High@L4.1"
SINFO:46,0,19,0,"1920x1080"
SINFO:46,0,20,0,"16:9"
SINFO:46,0,21,0,"29.97 (30000/1001)"
SINFO:46,0,22,0,"0"
SINFO:46,0,28,0,"eng"
SINFO:46,0,29,0,"English"
SINFO:46,0,30,0,"Mpeg4 AVC High@L4.1"
SINFO:46,0,31,6121,"<b>Track information</b><br>"
SINFO:46,0,33,0,"0"
SINFO:46,0,38,0,""
SINFO:46,0,42,5088,"( Lossless conversion )"
TINFO:47,2,0,"TROY - BONUS DISC"
TINFO:47,9,0,"0:10:52"
TINFO:47,10,0,"1.1 GB"
TINFO:47,11,0,"1215793152"
TINFO:47,16,0,"00052.m2ts"
TINFO:47,25,0,"1"
TINFO:47,26,0,"52"
TINFO:47,27,0,"TROY - BONUS DISC_t47.mkv"
TINFO:47,28,0,"eng"
TINFO:47,29,0,"English"
TINFO:47,30,0,"TROY - BONUS DISC , 1.1 GB"
TINFO:47,31,6120,"<b>Title information</b><br>"
TINFO:47,33,0,"0"
SINFO:47,0,1,6201,"Video"
SINFO:47,0,5,0,"V_MPEG4/ISO/AVC"
SINFO:47,0,6,0,"Mpeg4"
SINFO:47,0,7,0,"Mpeg4 AVC High@L4.1"
SINFO:47,0,19,0,"1920x1080"
SINFO:47,0,20,0,"16:9"
SINFO:47,0,21,0,"29.97 (30000/1001)"
SINFO:47,0,22,0,"0"
SINFO:47,0,28,0,"eng"
SINFO:47,0,29,0,"English"
SINFO:47,0,30,0,"Mpeg4 AVC High@L4.1"
SINFO:47,0,31,6121,"<b>Track information</b><br>"
SINFO:47,0,33,0,"0"
SINFO:47,0,38,0,""
SINFO:47,0,42,5088,"( Lossless conversion )"
SINFO:47,1,1,6202,"Audio"
SINFO:47,1,2,5091,"Stereo"
SINFO:47,1,3,0,"eng"
SINFO:47,1,4,0,"English"
SINFO:47,1,5,0,"A_AC3"
SINFO:47,1,6,0,"DD"
SINFO:47,1,7,0,"Dolby Digital"
SINFO:47,1,13,0,"192 Kb/s"
SINFO:47,1,14,0,"2"
SINFO:47,1,17,0,"48000"
SINFO:47,1,22,0,"0"
SINFO:47,1,28,0,"eng"
SINFO:47,1,29,0,"English"
SINFO:47,1,30,0,"DD Stereo English"
SINFO:47,1,31,6121,"<b>Track information</b><br>"
SINFO:47,1,33,0,"90"
SINFO:47,1,38,0,"d"
SINFO:47,1,39,0,"Default"
SINFO:47,1,40,0,"stereo"
SINFO:47,1,42,5088,"( Lossless conversion )"
TINFO:48,2,0,"TROY - BONUS DISC"
TINFO:48,9,0,"0:00:01"
TINFO:48,10,0,"0.0 MB"
TINFO:48,11,0,"18432"
TINFO:48,16,0,"00019.m2ts"
TINFO:48,25,0,"1"
TINFO:48,26,0,"19"
TINFO:48,27,0,"TROY - BONUS DISC_t48.mkv"
TINFO:48,28,0,"eng"
TINFO:48,29,0,"English"
TINFO:48,30,0,"TROY - BONUS DISC , 0.0 MB"
TINFO:48,31,6120,"<b>Title information</b><br>"
TINFO:48,33,0,"0"
SINFO:48,0,1,6201,"Video"
SINFO:48,0,5,0,"V_MPEG4/ISO/AVC"
SINFO:48,0,6,0,"Mpeg4"
SINFO:48,0,7,0,"Mpeg4 AVC High@L4.1"
SINFO:48,0,19,0,"1920x1080"
SINFO:48,0,20,0,"16:9"
SINFO:48,0,21,0,"29.97 (30000/1001)"
SINFO:48,0,22,0,"0"
SINFO:48,0,28,0,"eng"
SINFO:48,0,29,0,"English"
SINFO:48,0,30,0,"Mpeg4 AVC High@L4.1"
SINFO:48,0,31,6121,"<b>Track information</b><br>"
SINFO:48,0,33,0,"0"
SINFO:48,0,38,0,""
SINFO:48,0,42,5088,"( Lossless conversion )"
TINFO:49,2,0,"TROY - BONUS DISC"
TINFO:49,9,0,"0:02:07"
TINFO:49,10,0,"290.0 MB"
TINFO:49,11,0,"304146432"
TINFO:49,16,0,"00096.m2ts"
TINFO:49,25,0,"1"
TINFO:49,26,0,"96"
TINFO:49,27,0,"TROY - BONUS DISC_t49.mkv"
TINFO:49,28,0,"eng"
TINFO:49,29,0,"English"
TINFO:49,30,0,"TROY - BONUS DISC , 290.0 MB"
TINFO:49,31,6120,"<b>Title information</b><br>"
TINFO:49,33,0,"0"
SINFO:49,0,1,6201,"Video"
SINFO:49,0,5,0,"V_MPEG4/ISO/AVC"
SINFO:49,0,6,0,"Mpeg4"
SINFO:49,0,7,0,"Mpeg4 AVC High@L4.1"
SINFO:49,0,19,0,"1920x1080"
SINFO:49,0,20,0,"16:9"
SINFO:49,0,21,0,"23.976 (24000/1001)"
SINFO:49,0,22,0,"0"
SINFO:49,0,28,0,"eng"
SINFO:49,0,29,0,"English"
SINFO:49,0,30,0,"Mpeg4 AVC High@L4.1"
SINFO:49,0,31,6121,"<b>Track information</b><br>"
SINFO:49,0,33,0,"0"
SINFO:49,0,38,0,""
SINFO:49,0,42,5088,"( Lossless conversion )"
SINFO:49,1,1,6202,"Audio"
SINFO:49,1,2,5091,"Stereo"
SINFO:49,1,3,0,"eng"
SINFO:49,1,4,0,"English"
SINFO:49,1,5,0,"A_AC3"
SINFO:49,1,6,0,"DD"
SINFO:49,1,7,0,"Dolby Digital"
SINFO:49,1,13,0,"192 Kb/s"
SINFO:49,1,14,0,"2"
SINFO:49,1,17,0,"48000"
SINFO:49,1,22,0,"0"
SINFO:49,1,28,0,"eng"
SINFO:49,1,29,0,"English"
SINFO:49,1,30,0,"DD Stereo English"
SINFO:49,1,31,6121,"<b>Track information</b><br>"
SINFO:49,1,33,0,"90"
SINFO:49,1,38,0,"d"
SINFO:49,1,39,0,"Default"
SINFO:49,1,40,0,"stereo"
SINFO:49,1,42,5088,"( Lossless conversion )"
TINFO:50,2,0,"TROY - BONUS DISC"
TINFO:50,9,0,"0:00:01"
TINFO:50,10,0,"0.0 MB"
TINFO:50,11,0,"18432"
TINFO:50,16,0,"00067.m2ts"
TINFO:50,25,0,"1"
TINFO:50,26,0,"67"
TINFO:50,27,0,"TROY - BONUS DISC_t50.mkv"
TINFO:50,28,0,"eng"
TINFO:50,29,0,"English"
TINFO:50,30,0,"TROY - BONUS DISC , 0.0 MB"
TINFO:50,31,6120,"<b>Title information</b><br>"
TINFO:50,33,0,"0"
SINFO:50,0,1,6201,"Video"
SINFO:50,0,5,0,"V_MPEG4/ISO/AVC"
SINFO:50,0,6,0,"Mpeg4"
SINFO:50,0,7,0,"Mpeg4 AVC High@L4.1"
SINFO:50,0,19,0,"1920x1080"
SINFO:50,0,20,0,"16:9"
SINFO:50,0,21,0,"29.97 (30000/1001)"
SINFO:50,0,22,0,"0"
SINFO:50,0,28,0,"eng"
SINFO:50,0,29,0,"English"
SINFO:50,0,30,0,"Mpeg4 AVC High@L4.1"
SINFO:50,0,31,6121,"<b>Track information</b><br>"
SINFO:50,0,33,0,"0"
SINFO:50,0,38,0,""
SINFO:50,0,42,5088,"( Lossless conversion )"
TINFO:51,2,0,"TROY - BONUS DISC"
TINFO:51,9,0,"0:00:37"
TINFO:51,10,0,"67.0 MB"
TINFO:51,11,0,"70299648"
TINFO:51,16,0,"00080.m2ts"
TINFO:51,25,0,"1"
TINFO:51,26,0,"80"
TINFO:51,27,0,"TROY - BONUS DISC_t51.mkv"
TINFO:51,28,0,"eng"
TINFO:51,29,0,"English"
TINFO:51,30,0,"TROY - BONUS DISC , 67.0 MB"
TINFO:51,31,6120,"<b>Title information</b><br>"
TINFO:51,33,0,"0"
SINFO:51,0,1,6201,"Video"
SINFO:51,0,5,0,"V_MPEG4/ISO/AVC"
SINFO:51,0,6,0,"Mpeg4"
SINFO:51,0,7,0,"Mpeg4 AVC High@L4.1"
SINFO:51,0,19,0,"1920x1080"
SINFO:51,0,20,0,"16:9"
SINFO:51,0,21,0,"29.97 (30000/1001)"
SINFO:51,0,22,0,"0"
SINFO:51,0,28,0,"eng"
SINFO:51,0,29,0,"English"
SINFO:51,0,30,0,"Mpeg4 AVC High@L4.1"
SINFO:51,0,31,6121,"<b>Track information</b><br>"
SINFO:51,0,33,0,"0"
SINFO:51,0,38,0,""
SINFO:51,0,42,5088,"( Lossless conversion )"
SINFO:51,1,1,6202,"Audio"
SINFO:51,1,2,5091,"Stereo"
SINFO:51,1,3,0,"eng"
SINFO:51,1,4,0,"English"
SINFO:51,1,5,0,"A_AC3"
SINFO:51,1,6,0,"DD"
SINFO:51,1,7,0,"Dolby Digital"
SINFO:51,1,13,0,"192 Kb/s"
SINFO:51,1,14,0,"2"
SINFO:51,1,17,0,"48000"
SINFO:51,1,22,0,"0"
SINFO:51,1,28,0,"eng"
SINFO:51,1,29,0,"English"
SINFO:51,1,30,0,"DD Stereo English"
SINFO:51,1,31,6121,"<b>Track information</b><br>"
SINFO:51,1,33,0,"90"
SINFO:51,1,38,0,"d"
SINFO:51,1,39,0,"Default"
SINFO:51,1,40,0,"stereo"
SINFO:51,1,42,5088,"( Lossless conversion )"
TINFO:52,2,0,"TROY - BONUS DISC"
TINFO:52,9,0,"0:00:01"
TINFO:52,10,0,"0.0 MB"
TINFO:52,11,0,"18432"
TINFO:52,16,0,"00022.m2ts"
TINFO:52,25,0,"1"
TINFO:52,26,0,"22"
TINFO:52,27,0,"TROY - BONUS DISC_t52.mkv"
TINFO:52,28,0,"eng"
TINFO:52,29,0,"English"
TINFO:52,30,0,"TROY - BONUS DISC , 0.0 MB"
TINFO:52,31,6120,"<b>Title information</b><br>"
TINFO:52,33,0,"0"
SINFO:52,0,1,6201,"Video"
SINFO:52,0,5,0,"V_MPEG4/ISO/AVC"
SINFO:52,0,6,0,"Mpeg4"
SINFO:52,0,7,0,"Mpeg4 AVC High@L4.1"
SINFO:52,0,19,0,"1920x1080"
SINFO:52,0,20,0,"16:9"
SINFO:52,0,21,0,"29.97 (30000/1001)"
SINFO:52,0,22,0,"0"
SINFO:52,0,28,0,"eng"
SINFO:52,0,29,0,"English"
SINFO:52,0,30,0,"Mpeg4 AVC High@L4.1"
SINFO:52,0,31,6121,"<b>Track information</b><br>"
SINFO:52,0,33,0,"0"
SINFO:52,0,38,0,""
SINFO:52,0,42,5088,"( Lossless conversion )"
TINFO:53,2,0,"TROY - BONUS DISC"
TINFO:53,9,0,"0:01:03"
TINFO:53,10,0,"111.4 MB"
TINFO:53,11,0,"116914176"
TINFO:53,16,0,"00013.m2ts"
TINFO:53,25,0,"1"
TINFO:53,26,0,"13"
TINFO:53,27,0,"TROY - BONUS DISC_t53.mkv"
TINFO:53,28,0,"eng"
TINFO:53,29,0,"English"
TINFO:53,30,0,"TROY - BONUS DISC , 111.4 MB"
TINFO:53,31,6120,"<b>Title information</b><br>"
TINFO:53,33,0,"0"
SINFO:53,0,1,6201,"Video"
SINFO:53,0,5,0,"V_MPEG4/ISO/AVC"
SINFO:53,0,6,0,"Mpeg4"
SINFO:53,0,7,0,"Mpeg4 AVC High@L4.1"
SINFO:53,0,19,0,"1920x1080"
SINFO:53,0,20,0,"16:9"
SINFO:53,0,21,0,"29.97 (30000/1001)"
SINFO:53,0,22,0,"0"
SINFO:53,0,28,0,"eng"
SINFO:53,0,29,0,"English"
SINFO:53,0,30,0,"Mpeg4 AVC High@L4.1"
SINFO:53,0,31,6121,"<b>Track information</b><br>"
SINFO:53,0,33,0,"0"
SINFO:53,0,38,0,""
SINFO:53,0,42,5088,"( Lossless conversion )"
SINFO:53,1,1,6202,"Audio"
SINFO:53,1,2,5091,"Stereo"
SINFO:53,1,3,0,"eng"
SINFO:53,1,4,0,"English"
SINFO:53,1,5,0,"A_AC3"
SINFO:53,1,6,0,"DD"
SINFO:53,1,7,0,"Dolby Digital"
SINFO:53,1,13,0,"192 Kb/s"
SINFO:53,1,14,0,"2"
SINFO:53,1,17,0,"48000"
SINFO:53,1,22,0,"0"
SINFO:53,1,28,0,"eng"
SINFO:53,1,29,0,"English"
SINFO:53,1,30,0,"DD Stereo English"
SINFO:53,1,31,6121,"<b>Track information</b><br>"
SINFO:53,1,33,0,"90"
SINFO:53,1,38,0,"d"
SINFO:53,1,39,0,"Default"
SINFO:53,1,40,0,"stereo"
SINFO:53,1,42,5088,"( Lossless conversion )"
TINFO:54,2,0,"TROY - BONUS DISC"
TINFO:54,9,0,"0:00:01"
TINFO:54,10,0,"0.0 MB"
TINFO:54,11,0,"18432"
TINFO:54,16,0,"00460.m2ts"
TINFO:54,25,0,"1"
TINFO:54,26,0,"460"
TINFO:54,27,0,"TROY - BONUS DISC_t54.mkv"
TINFO:54,28,0,"eng"
TINFO:54,29,0,"English"
TINFO:54,30,0,"TROY - BONUS DISC , 0.0 MB"
TINFO:54,31,6120,"<b>Title information</b><br>"
TINFO:54,33,0,"0"
SINFO:54,0,1,6201,"Video"
SINFO:54,0,5,0,"V_MPEG4/ISO/AVC"
SINFO:54,0,6,0,"Mpeg4"
SINFO:54,0,7,0,"Mpeg4 AVC High@L4.1"
SINFO:54,0,19,0,"1920x1080"
SINFO:54,0,20,0,"16:9"
SINFO:54,0,21,0,"29.97 (30000/1001)"
SINFO:54,0,22,0,"0"
SINFO:54,0,28,0,"eng"
SINFO:54,0,29,0,"English"
SINFO:54,0,30,0,"Mpeg4 AVC High@L4.1"
SINFO:54,0,31,6121,"<b>Track information</b><br>"
SINFO:54,0,33,0,"0"
SINFO:54,0,38,0,""
SINFO:54,0,42,5088,"( Lossless conversion )"
TINFO:55,2,0,"TROY - BONUS DISC"
TINFO:55,9,0,"0:00:01"
TINFO:55,10,0,"0.0 MB"
TINFO:55,11,0,"18432"
TINFO:55,16,0,"00489.m2ts"
TINFO:55,25,0,"1"
TINFO:55,26,0,"489"
TINFO:55,27,0,"TROY - BONUS DISC_t55.mkv"
TINFO:55,28,0,"eng"
TINFO:55,29,0,"English"
TINFO:55,30,0,"TROY - BONUS DISC , 0.0 MB"
TINFO:55,31,6120,"<b>Title information</b><br>"
TINFO:55,33,0,"0"
SINFO:55,0,1,6201,"Video"
SINFO:55,0,5,0,"V_MPEG4/ISO/AVC"
SINFO:55,0,6,0,"Mpeg4"
SINFO:55,0,7,0,"Mpeg4 AVC High@L4.1"
SINFO:55,0,19,0,"1920x1080"
SINFO:55,0,20,0,"16:9"
SINFO:55,0,21,0,"29.97 (30000/1001)"
SINFO:55,0,22,0,"0"
SINFO:55,0,28,0,"eng"
SINFO:55,0,29,0,"English"
SINFO:55,0,30,0,"Mpeg4 AVC High@L4.1"
SINFO:55,0,31,6121,"<b>Track information</b><br>"
SINFO:55,0,33,0,"0"
SINFO:55,0,38,0,""
SINFO:55,0,42,5088,"( Lossless conversion )"
TINFO:56,2,0,"TROY - BONUS DISC"
TINFO:56,9,0,"0:00:01"
TINFO:56,10,0,"0.0 MB"
TINFO:56,11,0,"18432"
TINFO:56,16,0,"00491.m2ts"
TINFO:56,25,0,"1"
TINFO:56,26,0,"491"
TINFO:56,27,0,"TROY - BONUS DISC_t56.mkv"
TINFO:56,28,0,"eng"
TINFO:56,29,0,"English"
TINFO:56,30,0,"TROY - BONUS DISC , 0.0 MB"
TINFO:56,31,6120,"<b>Title information</b><br>"
TINFO:56,33,0,"0"
SINFO:56,0,1,6201,"Video"
SINFO:56,0,5,0,"V_MPEG4/ISO/AVC"
SINFO:56,0,6,0,"Mpeg4"
SINFO:56,0,7,0,"Mpeg4 AVC High@L4.1"
SINFO:56,0,19,0,"1920x1080"
SINFO:56,0,20,0,"16:9"
SINFO:56,0,21,0,"29.97 (30000/1001)"
SINFO:56,0,22,0,"0"
SINFO:56,0,28,0,"eng"
SINFO:56,0,29,0,"English"
SINFO:56,0,30,0,"Mpeg4 AVC High@L4.1"
SINFO:56,0,31,6121,"<b>Track information</b><br>"
SINFO:56,0,33,0,"0"
SINFO:56,0,38,0,""
SINFO:56,0,42,5088,"( Lossless conversion )"
TINFO:57,2,0,"TROY - BONUS DISC"
TINFO:57,9,0,"0:14:00"
TINFO:57,10,0,"1.4 GB"
TINFO:57,11,0,"1568587776"
TINFO:57,16,0,"00040.m2ts"
TINFO:57,25,0,"1"
TINFO:57,26,0,"40"
TINFO:57,27,0,"TROY - BONUS DISC_t57.mkv"
TINFO:57,28,0,"eng"
TINFO:57,29,0,"English"
TINFO:57,30,0,"TROY - BONUS DISC , 1.4 GB"
TINFO:57,31,6120,"<b>Title information</b><br>"
TINFO:57,33,0,"0"
SINFO:57,0,1,6201,"Video"
SINFO:57,0,5,0,"V_MPEG4/ISO/AVC"
SINFO:57,0,6,0,"Mpeg4"
SINFO:57,0,7,0,"Mpeg4 AVC High@L4.1"
SINFO:57,0,19,0,"1920x1080"
SINFO:57,0,20,0,"16:9"
SINFO:57,0,21,0,"29.97 (30000/1001)"
SINFO:57,0,22,0,"0"
SINFO:57,0,28,0,"eng"
SINFO:57,0,29,0,"English"
SINFO:57,0,30,0,"Mpeg4 AVC High@L4.1"
SINFO:57,0,31,6121,"<b>Track information</b><br>"
SINFO:57,0,33,0,"0"
SINFO:57,0,38,0,""
SINFO:57,0,42,5088,"( Lossless conversion )"
SINFO:57,1,1,6202,"Audio"
SINFO:57,1,2,5091,"Stereo"
SINFO:57,1,3,0,"eng"
SINFO:57,1,4,0,"English"
SINFO:57,1,5,0,"A_AC3"
SINFO:57,1,6,0,"DD"
SINFO:57,1,7,0,"Dolby Digital"
SINFO:57,1,13,0,"192 Kb/s"
SINFO:57,1,14,0,"2"
SINFO:57,1,17,0,"48000"
SINFO:57,1,22,0,"0"
SINFO:57,1,28,0,"eng"
SINFO:57,1,29,0,"English"
SINFO:57,1,30,0,"DD Stereo English"
SINFO:57,1,31,6121,"<b>Track information</b><br>"
SINFO:57,1,33,0,"90"
SINFO:57,1,38,0,"d"
SINFO:57,1,39,0,"Default"
SINFO:57,1,40,0,"stereo"
SINFO:57,1,42,5088,"( Lossless conversion )"
TINFO:58,2,0,"TROY - BONUS DISC"
TINFO:58,9,0,"0:02:08"
TINFO:58,10,0,"228.7 MB"
TINFO:58,11,0,"239898624"
TINFO:58,16,0,"00017.m2ts"
TINFO:58,25,0,"1"
TINFO:58,26,0,"17"
TINFO:58,27,0,"TROY - BONUS DISC_t58.mkv"
TINFO:58,28,0,"eng"
TINFO:58,29,0,"English"
TINFO:58,30,0,"TROY - BONUS DISC , 228.7 MB"
TINFO:58,31,6120,"<b>Title information</b><br>"
TINFO:58,33,0,"0"
SINFO:58,0,1,6201,"Video"
SINFO:58,0,5,0,"V_MPEG4/ISO/AVC"
SINFO:58,0,6,0,"Mpeg4"
SINFO:58,0,7,0,"Mpeg4 AVC High@L4.1"
SINFO:58,0,19,0,"1920x1080"
SINFO:58,0,20,0,"16:9"
SINFO:58,0,21,0,"29.97 (30000/1001)"
SINFO:58,0,22,0,"0"
SINFO:58,0,28,0,"eng"
SINFO:58,0,29,0,"English"
SINFO:58,0,30,0,"Mpeg4 AVC High@L4.1"
SINFO:58,0,31,6121,"<b>Track information</b><br>"
SINFO:58,0,33,0,"0"
SINFO:58,0,38,0,""
SINFO:58,0,42,5088,"( Lossless conversion )"
SINFO:58,1,1,6202,"Audio"
SINFO:58,1,2,5091,"Stereo"
SINFO:58,1,3,0,"eng"
SINFO:58,1,4,0,"English"
SINFO:58,1,5,0,"A_AC3"
SINFO:58,1,6,0,"DD"
SINFO:58,1,7,0,"Dolby Digital"
SINFO:58,1,13,0,"192 Kb/s"
SINFO:58,1,14,0,"2"
SINFO:58,1,17,0,"48000"
SINFO:58,1,22,0,"0"
SINFO:58,1,28,0,"eng"
SINFO:58,1,29,0,"English"
SINFO:58,1,30,0,"DD Stereo English"
SINFO:58,1,31,6121,"<b>Track information</b><br>"
SINFO:58,1,33,0,"90"
SINFO:58,1,38,0,"d"
SINFO:58,1,39,0,"Default"
SINFO:58,1,40,0,"stereo"
SINFO:58,1,42,5088,"( Lossless conversion )"
TINFO:59,2,0,"TROY - BONUS DISC"
TINFO:59,9,0,"0:00:01"
TINFO:59,10,0,"0.0 MB"
TINFO:59,11,0,"18432"
TINFO:59,16,0,"00464.m2ts"
TINFO:59,25,0,"1"
TINFO:59,26,0,"464"
TINFO:59,27,0,"TROY - BONUS DISC_t59.mkv"
TINFO:59,28,0,"eng"
TINFO:59,29,0,"English"
TINFO:59,30,0,"TROY - BONUS DISC , 0.0 MB"
TINFO:59,31,6120,"<b>Title information</b><br>"
TINFO:59,33,0,"0"
SINFO:59,0,1,6201,"Video"
SINFO:59,0,5,0,"V_MPEG4/ISO/AVC"
SINFO:59,0,6,0,"Mpeg4"
SINFO:59,0,7,0,"Mpeg4 AVC High@L4.1"
SINFO:59,0,19,0,"1920x1080"
SINFO:59,0,20,0,"16:9"
SINFO:59,0,21,0,"29.97 (30000/1001)"
SINFO:59,0,22,0,"0"
SINFO:59,0,28,0,"eng"
SINFO:59,0,29,0,"English"
SINFO:59,0,30,0,"Mpeg4 AVC High@L4.1"
SINFO:59,0,31,6121,"<b>Track information</b><br>"
SINFO:59,0,33,0,"0"
SINFO:59,0,38,0,""
SINFO:59,0,42,5088,"( Lossless conversion )"
TINFO:60,2,0,"TROY - BONUS DISC"
TINFO:60,9,0,"0:00:01"
TINFO:60,10,0,"0.0 MB"
TINFO:60,11,0,"18432"
TINFO:60,16,0,"00500.m2ts"
TINFO:60,25,0,"1"
TINFO:60,26,0,"500"
TINFO:60,27,0,"TROY - BONUS DISC_t60.mkv"
TINFO:60,28,0,"eng"
TINFO:60,29,0,"English"
TINFO:60,30,0,"TROY - BONUS DISC , 0.0 MB"
TINFO:60,31,6120,"<b>Title information</b><br>"
TINFO:60,33,0,"0"
SINFO:60,0,1,6201,"Video"
SINFO:60,0,5,0,"V_MPEG4/ISO/AVC"
SINFO:60,0,6,0,"Mpeg4"
SINFO:60,0,7,0,"Mpeg4 AVC High@L4.1"
SINFO:60,0,19,0,"1920x1080"
SINFO:60,0,20,0,"16:9"
SINFO:60,0,21,0,"29.97 (30000/1001)"
SINFO:60,0,22,0,"0"
SINFO:60,0,28,0,"eng"
SINFO:60,0,29,0,"English"
SINFO:60,0,30,0,"Mpeg4 AVC High@L4.1"
SINFO:60,0,31,6121,"<b>Track information</b><br>"
SINFO:60,0,33,0,"0"
SINFO:60,0,38,0,""
SINFO:60,0,42,5088,"( Lossless conversion )"
TINFO:61,2,0,"TROY - BONUS DISC"
TINFO:61,9,0,"0:00:01"
TINFO:61,10,0,"0.0 MB"
TINFO:61,11,0,"18432"
TINFO:61,16,0,"00084.m2ts"
TINFO:61,25,0,"1"
TINFO:61,26,0,"84"
TINFO:61,27,0,"TROY - BONUS DISC_t61.mkv"
TINFO:61,28,0,"eng"
TINFO:61,29,0,"English"
TINFO:61,30,0,"TROY - BONUS DISC , 0.0 MB"
TINFO:61,31,6120,"<b>Title information</b><br>"
TINFO:61,33,0,"0"
SINFO:61,0,1,6201,"Video"
SINFO:61,0,5,0,"V_MPEG4/ISO/AVC"
SINFO:61,0,6,0,"Mpeg4"
SINFO:61,0,7,0,"Mpeg4 AVC High@L4.1"
SINFO:61,0,19,0,"1920x1080"
SINFO:61,0,20,0,"16:9"
SINFO:61,0,21,0,"29.97 (30000/1001)"
SINFO:61,0,22,0,"0"
SINFO:61,0,28,0,"eng"
SINFO:61,0,29,0,"English"
SINFO:61,0,30,0,"Mpeg4 AVC High@L4.1"
SINFO:61,0,31,6121,"<b>Track information</b><br>"
SINFO:61,0,33,0,"0"
SINFO:61,0,38,0,""
SINFO:61,0,42,5088,"( Lossless conversion )"
TINFO:62,2,0,"TROY - BONUS DISC"
TINFO:62,9,0,"0:00:01"
TINFO:62,10,0,"0.0 MB"
TINFO:62,11,0,"18432"
TINFO:62,16,0,"00026.m2ts"
TINFO:62,25,0,"1"
TINFO:62,26,0,"26"
TINFO:62,27,0,"TROY - BONUS DISC_t62.mkv"
TINFO:62,28,0,"eng"
TINFO:62,29,0,"English"
TINFO:62,30,0,"TROY - BONUS DISC , 0.0 MB"
TINFO:62,31,6120,"<b>Title information</b><br>"
TINFO:62,33,0,"0"
SINFO:62,0,1,6201,"Video"
SINFO:62,0,5,0,"V_MPEG4/ISO/AVC"
SINFO:62,0,6,0,"Mpeg4"
SINFO:62,0,7,0,"Mpeg4 AVC High@L4.1"
SINFO:62,0,19,0,"1920x1080"
SINFO:62,0,20,0,"16:9"
SINFO:62,0,21,0,"29.97 (30000/1001)"
SINFO:62,0,22,0,"0"
SINFO:62,0,28,0,"eng"
SINFO:62,0,29,0,"English"
SINFO:62,0,30,0,"Mpeg4 AVC High@L4.1"
SINFO:62,0,31,6121,"<b>Track information</b><br>"
SINFO:62,0,33,0,"0"
SINFO:62,0,38,0,""
SINFO:62,0,42,5088,"( Lossless conversion )"
TINFO:63,2,0,"TROY - BONUS DISC"
TINFO:63,9,0,"0:00:01"
TINFO:63,10,0,"0.0 MB"
TINFO:63,11,0,"18432"
TINFO:63,16,0,"00495.m2ts"
TINFO:63,25,0,"1"
TINFO:63,26,0,"495"
TINFO:63,27,0,"TROY - BONUS DISC_t63.mkv"
TINFO:63,28,0,"eng"
TINFO:63,29,0,"English"
TINFO:63,30,0,"TROY - BONUS DISC , 0.0 MB"
TINFO:63,31,6120,"<b>Title information</b><br>"
TINFO:63,33,0,"0"
SINFO:63,0,1,6201,"Video"
SINFO:63,0,5,0,"V_MPEG4/ISO/AVC"
SINFO:63,0,6,0,"Mpeg4"
SINFO:63,0,7,0,"Mpeg4 AVC High@L4.1"
SINFO:63,0,19,0,"1920x1080"
SINFO:63,0,20,0,"16:9"
SINFO:63,0,21,0,"29.97 (30000/1001)"
SINFO:63,0,22,0,"0"
SINFO:63,0,28,0,"eng"
SINFO:63,0,29,0,"English"
SINFO:63,0,30,0,"Mpeg4 AVC High@L4.1"
SINFO:63,0,31,6121,"<b>Track information</b><br>"
SINFO:63,0,33,0,"0"
SINFO:63,0,38,0,""
SINFO:63,0,42,5088,"( Lossless conversion )"
TINFO:64,2,0,"TROY - BONUS DISC"
TINFO:64,9,0,"0:01:08"
TINFO:64,10,0,"120.7 MB"
TINFO:64,11,0,"126640128"
TINFO:64,16,0,"00075.m2ts"
TINFO:64,25,0,"1"
TINFO:64,26,0,"75"
TINFO:64,27,0,"TROY - BONUS DISC_t64.mkv"
TINFO:64,28,0,"eng"
TINFO:64,29,0,"English"
TINFO:64,30,0,"TROY - BONUS DISC , 120.7 MB"
TINFO:64,31,6120,"<b>Title information</b><br>"
TINFO:64,33,0,"0"
SINFO:64,0,1,6201,"Video"
SINFO:64,0,5,0,"V_MPEG4/ISO/AVC"
SINFO:64,0,6,0,"Mpeg4"
SINFO:64,0,7,0,"Mpeg4 AVC High@L4.1"
SINFO:64,0,19,0,"1920x1080"
SINFO:64,0,20,0,"16:9"
SINFO:64,0,21,0,"29.97 (30000/1001)"
SINFO:64,0,22,0,"0"
SINFO:64,0,28,0,"eng"
SINFO:64,0,29,0,"English"
SINFO:64,0,30,0,"Mpeg4 AVC High@L4.1"
SINFO:64,0,31,6121,"<b>Track information</b><br>"
SINFO:64,0,33,0,"0"
SINFO:64,0,38,0,""
SINFO:64,0,42,5088,"( Lossless conversion )"
SINFO:64,1,1,6202,"Audio"
SINFO:64,1,2,5091,"Stereo"
SINFO:64,1,3,0,"eng"
SINFO:64,1,4,0,"English"
SINFO:64,1,5,0,"A_AC3"
SINFO:64,1,6,0,"DD"
SINFO:64,1,7,0,"Dolby Digital"
SINFO:64,1,13,0,"192 Kb/s"
SINFO:64,1,14,0,"2"
SINFO:64,1,17,0,"48000"
SINFO:64,1,22,0,"0"
SINFO:64,1,28,0,"eng"
SINFO:64,1,29,0,"English"
SINFO:64,1,30,0,"DD Stereo English"
SINFO:64,1,31,6121,"<b>Track information</b><br>"
SINFO:64,1,33,0,"90"
SINFO:64,1,38,0,"d"
SINFO:64,1,39,0,"Default"
SINFO:64,1,40,0,"stereo"
SINFO:64,1,42,5088,"( Lossless conversion )"
TINFO:65,2,0,"TROY - BONUS DISC"
TINFO:65,9,0,"0:00:01"
TINFO:65,10,0,"0.0 MB"
TINFO:65,11,0,"18432"
TINFO:65,16,0,"00032.m2ts"
TINFO:65,25,0,"1"
TINFO:65,26,0,"32"
TINFO:65,27,0,"TROY - BONUS DISC_t65.mkv"
TINFO:65,28,0,"eng"
TINFO:65,29,0,"English"
TINFO:65,30,0,"TROY - BONUS DISC , 0.0 MB"
TINFO:65,31,6120,"<b>Title information</b><br>"
TINFO:65,33,0,"0"
SINFO:65,0,1,6201,"Video"
SINFO:65,0,5,0,"V_MPEG4/ISO/AVC"
SINFO:65,0,6,0,"Mpeg4"
SINFO:65,0,7,0,"Mpeg4 AVC High@L4.1"
SINFO:65,0,19,0,"1920x1080"
SINFO:65,0,20,0,"16:9"
SINFO:65,0,21,0,"29.97 (30000/1001)"
SINFO:65,0,22,0,"0"
SINFO:65,0,28,0,"eng"
SINFO:65,0,29,0,"English"
SINFO:65,0,30,0,"Mpeg4 AVC High@L4.1"
SINFO:65,0,31,6121,"<b>Track information</b><br>"
SINFO:65,0,33,0,"0"
SINFO:65,0,38,0,""
SINFO:65,0,42,5088,"( Lossless conversion )"
TINFO:66,2,0,"TROY - BONUS DISC"
TINFO:66,9,0,"0:00:04"
TINFO:66,10,0,"7.4 MB"
TINFO:66,11,0,"7802880"
TINFO:66,16,0,"00079.m2ts"
TINFO:66,25,0,"1"
TINFO:66,26,0,"79"
TINFO:66,27,0,"TROY - BONUS DISC_t66.mkv"
TINFO:66,28,0,"eng"
TINFO:66,29,0,"English"
TINFO:66,30,0,"TROY - BONUS DISC , 7.4 MB"
TINFO:66,31,6120,"<b>Title information</b><br>"
TINFO:66,33,0,"0"
SINFO:66,0,1,6201,"Video"
SINFO:66,0,5,0,"V_MPEG4/ISO/AVC"
SINFO:66,0,6,0,"Mpeg4"
SINFO:66,0,7,0,"Mpeg4 AVC High@L4.1"
SINFO:66,0,19,0,"1920x1080"
SINFO:66,0,20,0,"16:9"
SINFO:66,0,21,0,"29.97 (30000/1001)"
SINFO:66,0,22,0,"0"
SINFO:66,0,28,0,"eng"
SINFO:66,0,29,0,"English"
SINFO:66,0,30,0,"Mpeg4 AVC High@L4.1"
SINFO:66,0,31,6121,"<b>Track information</b><br>"
SINFO:66,0,33,0,"0"
SINFO:66,0,38,0,""
SINFO:66,0,42,5088,"( Lossless conversion )"
SINFO:66,1,1,6202,"Audio"
SINFO:66,1,2,5091,"Stereo"
SINFO:66,1,3,0,"eng"
SINFO:66,1,4,0,"English"
SINFO:66,1,5,0,"A_AC3"
SINFO:66,1,6,0,"DD"
SINFO:66,1,7,0,"Dolby Digital"
SINFO:66,1,13,0,"192 Kb/s"
SINFO:66,1,14,0,"2"
SINFO:66,1,17,0,"48000"
SINFO:66,1,22,0,"0"
SINFO:66,1,28,0,"eng"
SINFO:66,1,29,0,"English"
SINFO:66,1,30,0,"DD Stereo English"
SINFO:66,1,31,6121,"<b>Track information</b><br>"
SINFO:66,1,33,0,"90"
SINFO:66,1,38,0,"d"
SINFO:66,1,39,0,"Default"
SINFO:66,1,40,0,"stereo"
SINFO:66,1,42,5088,"( Lossless conversion )"
TINFO:67,2,0,"TROY - BONUS DISC"
TINFO:67,9,0,"0:00:01"
TINFO:67,10,0,"0.0 MB"
TINFO:67,11,0,"18432"
TINFO:67,16,0,"00090.m2ts"
TINFO:67,25,0,"1"
TINFO:67,26,0,"90"
TINFO:67,27,0,"TROY - BONUS DISC_t67.mkv"
TINFO:67,28,0,"eng"
TINFO:67,29,0,"English"
TINFO:67,30,0,"TROY - BONUS DISC , 0.0 MB"
TINFO:67,31,6120,"<b>Title information</b><br>"
TINFO:67,33,0,"0"
SINFO:67,0,1,6201,"Video"
SINFO:67,0,5,0,"V_MPEG4/ISO/AVC"
SINFO:67,0,6,0,"Mpeg4"
SINFO:67,0,7,0,"Mpeg4 AVC High@L4.1"
SINFO:67,0,19,0,"1920x1080"
SINFO:67,0,20,0,"16:9"
SINFO:67,0,21,0,"29.97 (30000/1001)"
SINFO:67,0,22,0,"0"
SINFO:67,0,28,0,"eng"
SINFO:67,0,29,0,"English"
SINFO:67,0,30,0,"Mpeg4 AVC High@L4.1"
SINFO:67,0,31,6121,"<b>Track information</b><br>"
SINFO:67,0,33,0,"0"
SINFO:67,0,38,0,""
SINFO:67,0,42,5088,"( Lossless conversion )"
TINFO:68,2,0,"TROY - BONUS DISC"
TINFO:68,9,0,"0:00:01"
TINFO:68,10,0,"0.0 MB"
TINFO:68,11,0,"18432"
TINFO:68,16,0,"00499.m2ts"
TINFO:68,25,0,"1"
TINFO:68,26,0,"499"
TINFO:68,27,0,"TROY - BONUS DISC_t68.mkv"
TINFO:68,28,0,"eng"
TINFO:68,29,0,"English"
TINFO:68,30,0,"TROY - BONUS DISC , 0.0 MB"
TINFO:68,31,6120,"<b>Title information</b><br>"
TINFO:68,33,0,"0"
SINFO:68,0,1,6201,"Video"
SINFO:68,0,5,0,"V_MPEG4/ISO/AVC"
SINFO:68,0,6,0,"Mpeg4"
SINFO:68,0,7,0,"Mpeg4 AVC High@L4.1"
SINFO:68,0,19,0,"1920x1080"
SINFO:68,0,20,0,"16:9"
SINFO:68,0,21,0,"29.97 (30000/1001)"
SINFO:68,0,22,0,"0"
SINFO:68,0,28,0,"eng"
SINFO:68,0,29,0,"English"
SINFO:68,0,30,0,"Mpeg4 AVC High@L4.1"
SINFO:68,0,31,6121,"<b>Track information</b><br>"
SINFO:68,0,33,0,"0"
SINFO:68,0,38,0,""
SINFO:68,0,42,5088,"( Lossless conversion )"
TINFO:69,2,0,"TROY - BONUS DISC"
TINFO:69,9,0,"0:00:01"
TINFO:69,10,0,"0.0 MB"
TINFO:69,11,0,"18432"
TINFO:69,16,0,"00088.m2ts"
TINFO:69,25,0,"1"
TINFO:69,26,0,"88"
TINFO:69,27,0,"TROY - BONUS DISC_t69.mkv"
TINFO:69,28,0,"eng"
TINFO:69,29,0,"English"
TINFO:69,30,0,"TROY - BONUS DISC , 0.0 MB"
TINFO:69,31,6120,"<b>Title information</b><br>"
TINFO:69,33,0,"0"
SINFO:69,0,1,6201,"Video"
SINFO:69,0,5,0,"V_MPEG4/ISO/AVC"
SINFO:69,0,6,0,"Mpeg4"
SINFO:69,0,7,0,"Mpeg4 AVC High@L4.1"
SINFO:69,0,19,0,"1920x1080"
SINFO:69,0,20,0,"16:9"
SINFO:69,0,21,0,"29.97 (30000/1001)"
SINFO:69,0,22,0,"0"
SINFO:69,0,28,0,"eng"
SINFO:69,0,29,0,"English"
SINFO:69,0,30,0,"Mpeg4 AVC High@L4.1"
SINFO:69,0,31,6121,"<b>Track information</b><br>"
SINFO:69,0,33,0,"0"
SINFO:69,0,38,0,""
SINFO:69,0,42,5088,"( Lossless conversion )"
TINFO:70,2,0,"TROY - BONUS DISC"
TINFO:70,9,0,"0:00:01"
TINFO:70,10,0,"0.0 MB"
TINFO:70,11,0,"18432"
TINFO:70,16,0,"00459.m2ts"
TINFO:70,25,0,"1"
TINFO:70,26,0,"459"
TINFO:70,27,0,"TROY - BONUS DISC_t70.mkv"
TINFO:70,28,0,"eng"
TINFO:70,29,0,"English"
TINFO:70,30,0,"TROY - BONUS DISC , 0.0 MB"
TINFO:70,31,6120,"<b>Title information</b><br>"
TINFO:70,33,0,"0"
SINFO:70,0,1,6201,"Video"
SINFO:70,0,5,0,"V_MPEG4/ISO/AVC"
SINFO:70,0,6,0,"Mpeg4"
SINFO:70,0,7,0,"Mpeg4 AVC High@L4.1"
SINFO:70,0,19,0,"1920x1080"
SINFO:70,0,20,0,"16:9"
SINFO:70,0,21,0,"29.97 (30000/1001)"
SINFO:70,0,22,0,"0"
SINFO:70,0,28,0,"eng"
SINFO:70,0,29,0,"English"
SINFO:70,0,30,0,"Mpeg4 AVC High@L4.1"
SINFO:70,0,31,6121,"<b>Track information</b><br>"
SINFO:70,0,33,0,"0"
SINFO:70,0,38,0,""
SINFO:70,0,42,5088,"( Lossless conversion )"
TINFO:71,2,0,"TROY - BONUS DISC"
TINFO:71,9,0,"0:02:44"
TINFO:71,10,0,"291.4 MB"
TINFO:71,11,0,"305657856"
TINFO:71,16,0,"00007.m2ts"
TINFO:71,25,0,"1"
TINFO:71,26,0,"7"
TINFO:71,27,0,"TROY - BONUS DISC_t71.mkv"
TINFO:71,28,0,"eng"
TINFO:71,29,0,"English"
TINFO:71,30,0,"TROY - BONUS DISC , 291.4 MB"
TINFO:71,31,6120,"<b>Title information</b><br>"
TINFO:71,33,0,"0"
SINFO:71,0,1,6201,"Video"
SINFO:71,0,5,0,"V_MPEG4/ISO/AVC"
SINFO:71,0,6,0,"Mpeg4"
SINFO:71,0,7,0,"Mpeg4 AVC High@L4.1"
SINFO:71,0,19,0,"1920x1080"
SINFO:71,0,20,0,"16:9"
SINFO:71,0,21,0,"29.97 (30000/1001)"
SINFO:71,0,22,0,"0"
SINFO:71,0,28,0,"eng"
SINFO:71,0,29,0,"English"
SINFO:71,0,30,0,"Mpeg4 AVC High@L4.1"
SINFO:71,0,31,6121,"<b>Track information</b><br>"
SINFO:71,0,33,0,"0"
SINFO:71,0,38,0,""
SINFO:71,0,42,5088,"( Lossless conversion )"
SINFO:71,1,1,6202,"Audio"
SINFO:71,1,2,5091,"Stereo"
SINFO:71,1,3,0,"eng"
SINFO:71,1,4,0,"English"
SINFO:71,1,5,0,"A_AC3"
SINFO:71,1,6,0,"DD"
SINFO:71,1,7,0,"Dolby Digital"
SINFO:71,1,13,0,"192 Kb/s"
SINFO:71,1,14,0,"2"
SINFO:71,1,17,0,"48000"
SINFO:71,1,22,0,"0"
SINFO:71,1,28,0,"eng"
SINFO:71,1,29,0,"English"
SINFO:71,1,30,0,"DD Stereo English"
SINFO:71,1,31,6121,"<b>Track information</b><br>"
SINFO:71,1,33,0,"90"
SINFO:71,1,38,0,"d"
SINFO:71,1,39,0,"Default"
SINFO:71,1,40,0,"stereo"
SINFO:71,1,42,5088,"( Lossless conversion )"
TINFO:72,2,0,"TROY - BONUS DISC"
TINFO:72,9,0,"0:00:01"
TINFO:72,10,0,"0.0 MB"
TINFO:72,11,0,"18432"
TINFO:72,16,0,"00036.m2ts"
TINFO:72,25,0,"1"
TINFO:72,26,0,"36"
TINFO:72,27,0,"TROY - BONUS DISC_t72.mkv"
TINFO:72,28,0,"eng"
TINFO:72,29,0,"English"
TINFO:72,30,0,"TROY - BONUS DISC , 0.0 MB"
TINFO:72,31,6120,"<b>Title information</b><br>"
TINFO:72,33,0,"0"
SINFO:72,0,1,6201,"Video"
SINFO:72,0,5,0,"V_MPEG4/ISO/AVC"
SINFO:72,0,6,0,"Mpeg4"
SINFO:72,0,7,0,"Mpeg4 AVC High@L4.1"
SINFO:72,0,19,0,"1920x1080"
SINFO:72,0,20,0,"16:9"
SINFO:72,0,21,0,"29.97 (30000/1001)"
SINFO:72,0,22,0,"0"
SINFO:72,0,28,0,"eng"
SINFO:72,0,29,0,"English"
SINFO:72,0,30,0,"Mpeg4 AVC High@L4.1"
SINFO:72,0,31,6121,"<b>Track information</b><br>"
SINFO:72,0,33,0,"0"
SINFO:72,0,38,0,""
SINFO:72,0,42,5088,"( Lossless conversion )"
TINFO:73,2,0,"TROY - BONUS DISC"
TINFO:73,9,0,"0:00:01"
TINFO:73,10,0,"0.0 MB"
TINFO:73,11,0,"18432"
TINFO:73,16,0,"00094.m2ts"
TINFO:73,25,0,"1"
TINFO:73,26,0,"94"
TINFO:73,27,0,"TROY - BONUS DISC_t73.mkv"
TINFO:73,28,0,"eng"
TINFO:73,29,0,"English"
TINFO:73,30,0,"TROY - BONUS DISC , 0.0 MB"
TINFO:73,31,6120,"<b>Title information</b><br>"
TINFO:73,33,0,"0"
SINFO:73,0,1,6201,"Video"
SINFO:73,0,5,0,"V_MPEG4/ISO/AVC"
SINFO:73,0,6,0,"Mpeg4"
SINFO:73,0,7,0,"Mpeg4 AVC High@L4.1"
SINFO:73,0,19,0,"1920x1080"
SINFO:73,0,20,0,"16:9"
SINFO:73,0,21,0,"29.97 (30000/1001)"
SINFO:73,0,22,0,"0"
SINFO:73,0,28,0,"eng"
SINFO:73,0,29,0,"English"
SINFO:73,0,30,0,"Mpeg4 AVC High@L4.1"
SINFO:73,0,31,6121,"<b>Track information</b><br>"
SINFO:73,0,33,0,"0"
SINFO:73,0,38,0,""
SINFO:73,0,42,5088,"( Lossless conversion )"
TINFO:74,2,0,"TROY - BONUS DISC"
TINFO:74,9,0,"0:01:02"
TINFO:74,10,0,"111.4 MB"
TINFO:74,11,0,"116914176"
TINFO:74,16,0,"00078.m2ts"
TINFO:74,25,0,"1"
TINFO:74,26,0,"78"
TINFO:74,27,0,"TROY - BONUS DISC_t74.mkv"
TINFO:74,28,0,"eng"
TINFO:74,29,0,"English"
TINFO:74,30,0,"TROY - BONUS DISC , 111.4 MB"
TINFO:74,31,6120,"<b>Title information</b><br>"
TINFO:74,33,0,"0"
SINFO:74,0,1,6201,"Video"
SINFO:74,0,5,0,"V_MPEG4/ISO/AVC"
SINFO:74,0,6,0,"Mpeg4"
SINFO:74,0,7,0,"Mpeg4 AVC High@L4.1"
SINFO:74,0,19,0,"1920x1080"
SINFO:74,0,20,0,"16:9"
SINFO:74,0,21,0,"29.97 (30000/1001)"
SINFO:74,0,22,0,"0"
SINFO:74,0,28,0,"eng"
SINFO:74,0,29,0,"English"
SINFO:74,0,30,0,"Mpeg4 AVC High@L4.1"
SINFO:74,0,31,6121,"<b>Track information</b><br>"
SINFO:74,0,33,0,"0"
SINFO:74,0,38,0,""
SINFO:74,0,42,5088,"( Lossless conversion )"
SINFO:74,1,1,6202,"Audio"
SINFO:74,1,2,5091,"Stereo"
SINFO:74,1,3,0,"eng"
SINFO:74,1,4,0,"English"
SINFO:74,1,5,0,"A_AC3"
SINFO:74,1,6,0,"DD"
SINFO:74,1,7,0,"Dolby Digital"
SINFO:74,1,13,0,"192 Kb/s"
SINFO:74,1,14,0,"2"
SINFO:74,1,17,0,"48000"
SINFO:74,1,22,0,"0"
SINFO:74,1,28,0,"eng"
SINFO:74,1,29,0,"English"
SINFO:74,1,30,0,"DD Stereo English"
SINFO:74,1,31,6121,"<b>Track information</b><br>"
SINFO:74,1,33,0,"90"
SINFO:74,1,38,0,"d"
SINFO:74,1,39,0,"Default"
SINFO:74,1,40,0,"stereo"
SINFO:74,1,42,5088,"( Lossless conversion )"
TINFO:75,2,0,"TROY - BONUS DISC"
TINFO:75,9,0,"0:00:01"
TINFO:75,10,0,"0.0 MB"
TINFO:75,11,0,"18432"
TINFO:75,16,0,"00091.m2ts"
TINFO:75,25,0,"1"
TINFO:75,26,0,"91"
TINFO:75,27,0,"TROY - BONUS DISC_t75.mkv"
TINFO:75,28,0,"eng"
TINFO:75,29,0,"English"
TINFO:75,30,0,"TROY - BONUS DISC , 0.0 MB"
TINFO:75,31,6120,"<b>Title information</b><br>"
TINFO:75,33,0,"0"
SINFO:75,0,1,6201,"Video"
SINFO:75,0,5,0,"V_MPEG4/ISO/AVC"
SINFO:75,0,6,0,"Mpeg4"
SINFO:75,0,7,0,"Mpeg4 AVC High@L4.1"
SINFO:75,0,19,0,"1920x1080"
SINFO:75,0,20,0,"16:9"
SINFO:75,0,21,0,"29.97 (30000/1001)"
SINFO:75,0,22,0,"0"
SINFO:75,0,28,0,"eng"
SINFO:75,0,29,0,"English"
SINFO:75,0,30,0,"Mpeg4 AVC High@L4.1"
SINFO:75,0,31,6121,"<b>Track information</b><br>"
SINFO:75,0,33,0,"0"
SINFO:75,0,38,0,""
SINFO:75,0,42,5088,"( Lossless conversion )"
TINFO:76,2,0,"TROY - BONUS DISC"
TINFO:76,9,0,"0:00:01"
TINFO:76,10,0,"0.0 MB"
TINFO:76,11,0,"18432"
TINFO:76,16,0,"00498.m2ts"
TINFO:76,25,0,"1"
TINFO:76,26,0,"498"
TINFO:76,27,0,"TROY - BONUS DISC_t76.mkv"
TINFO:76,28,0,"eng"
TINFO:76,29,0,"English"
TINFO:76,30,0,"TROY - BONUS DISC , 0.0 MB"
TINFO:76,31,6120,"<b>Title information</b><br>"
TINFO:76,33,0,"0"
SINFO:76,0,1,6201,"Video"
SINFO:76,0,5,0,"V_MPEG4/ISO/AVC"
SINFO:76,0,6,0,"Mpeg4"
SINFO:76,0,7,0,"Mpeg4 AVC High@L4.1"
SINFO:76,0,19,0,"1920x1080"
SINFO:76,0,20,0,"16:9"
SINFO:76,0,21,0,"29.97 (30000/1001)"
SINFO:76,0,22,0,"0"
SINFO:76,0,28,0,"eng"
SINFO:76,0,29,0,"English"
SINFO:76,0,30,0,"Mpeg4 AVC High@L4.1"
SINFO:76,0,31,6121,"<b>Track information</b><br>"
SINFO:76,0,33,0,"0"
SINFO:76,0,38,0,""
SINFO:76,0,42,5088,"( Lossless conversion )"
TINFO:77,2,0,"TROY - BONUS DISC"
TINFO:77,9,0,"0:00:01"
TINFO:77,10,0,"0.0 MB"
TINFO:77,11,0,"18432"
TINFO:77,16,0,"00089.m2ts"
TINFO:77,25,0,"1"
TINFO:77,26,0,"89"
TINFO:77,27,0,"TROY - BONUS DISC_t77.mkv"
TINFO:77,28,0,"eng"
TINFO:77,29,0,"English"
TINFO:77,30,0,"TROY - BONUS DISC , 0.0 MB"
TINFO:77,31,6120,"<b>Title information</b><br>"
TINFO:77,33,0,"0"
SINFO:77,0,1,6201,"Video"
SINFO:77,0,5,0,"V_MPEG4/ISO/AVC"
SINFO:77,0,6,0,"Mpeg4"
SINFO:77,0,7,0,"Mpeg4 AVC High@L4.1"
SINFO:77,0,19,0,"1920x1080"
SINFO:77,0,20,0,"16:9"
SINFO:77,0,21,0,"29.97 (30000/1001)"
SINFO:77,0,22,0,"0"
SINFO:77,0,28,0,"eng"
SINFO:77,0,29,0,"English"
SINFO:77,0,30,0,"Mpeg4 AVC High@L4.1"
SINFO:77,0,31,6121,"<b>Track information</b><br>"
SINFO:77,0,33,0,"0"
SINFO:77,0,38,0,""
SINFO:77,0,42,5088,"( Lossless conversion )"
TINFO:78,2,0,"TROY - BONUS DISC"
TINFO:78,9,0,"0:00:01"
TINFO:78,10,0,"0.0 MB"
TINFO:78,11,0,"18432"
TINFO:78,16,0,"00060.m2ts"
TINFO:78,25,0,"1"
TINFO:78,26,0,"60"
TINFO:78,27,0,"TROY - BONUS DISC_t78.mkv"
TINFO:78,28,0,"eng"
TINFO:78,29,0,"English"
TINFO:78,30,0,"TROY - BONUS DISC , 0.0 MB"
TINFO:78,31,6120,"<b>Title information</b><br>"
TINFO:78,33,0,"0"
SINFO:78,0,1,6201,"Video"
SINFO:78,0,5,0,"V_MPEG4/ISO/AVC"
SINFO:78,0,6,0,"Mpeg4"
SINFO:78,0,7,0,"Mpeg4 AVC High@L4.1"
SINFO:78,0,19,0,"1920x1080"
SINFO:78,0,20,0,"16:9"
SINFO:78,0,21,0,"29.97 (30000/1001)"
SINFO:78,0,22,0,"0"
SINFO:78,0,28,0,"eng"
SINFO:78,0,29,0,"English"
SINFO:78,0,30,0,"Mpeg4 AVC High@L4.1"
SINFO:78,0,31,6121,"<b>Track information</b><br>"
SINFO:78,0,33,0,"0"
SINFO:78,0,38,0,""
SINFO:78,0,42,5088,"( Lossless conversion )"
TINFO:79,2,0,"TROY - BONUS DISC"
TINFO:79,9,0,"0:00:01"
TINFO:79,10,0,"0.0 MB"
TINFO:79,11,0,"18432"
TINFO:79,16,0,"00458.m2ts"
TINFO:79,25,0,"1"
TINFO:79,26,0,"458"
TINFO:79,27,0,"TROY - BONUS DISC_t79.mkv"
TINFO:79,28,0,"eng"
TINFO:79,29,0,"English"
TINFO:79,30,0,"TROY - BONUS DISC , 0.0 MB"
TINFO:79,31,6120,"<b>Title information</b><br>"
TINFO:79,33,0,"0"
SINFO:79,0,1,6201,"Video"
SINFO:79,0,5,0,"V_MPEG4/ISO/AVC"
SINFO:79,0,6,0,"Mpeg4"
SINFO:79,0,7,0,"Mpeg4 AVC High@L4.1"
SINFO:79,0,19,0,"1920x1080"
SINFO:79,0,20,0,"16:9"
SINFO:79,0,21,0,"29.97 (30000/1001)"
SINFO:79,0,22,0,"0"
SINFO:79,0,28,0,"eng"
SINFO:79,0,29,0,"English"
SINFO:79,0,30,0,"Mpeg4 AVC High@L4.1"
SINFO:79,0,31,6121,"<b>Track information</b><br>"
SINFO:79,0,33,0,"0"
SINFO:79,0,38,0,""
SINFO:79,0,42,5088,"( Lossless conversion )"
TINFO:80,2,0,"TROY - BONUS DISC"
TINFO:80,9,0,"0:00:01"
TINFO:80,10,0,"0.0 MB"
TINFO:80,11,0,"18432"
TINFO:80,16,0,"00006.m2ts"
TINFO:80,25,0,"1"
TINFO:80,26,0,"6"
TINFO:80,27,0,"TROY - BONUS DISC_t80.mkv"
TINFO:80,28,0,"eng"
TINFO:80,29,0,"English"
TINFO:80,30,0,"TROY - BONUS DISC , 0.0 MB"
TINFO:80,31,6120,"<b>Title information</b><br>"
TINFO:80,33,0,"0"
SINFO:80,0,1,6201,"Video"
SINFO:80,0,5,0,"V_MPEG4/ISO/AVC"
SINFO:80,0,6,0,"Mpeg4"
SINFO:80,0,7,0,"Mpeg4 AVC High@L4.1"
SINFO:80,0,19,0,"1920x1080"
SINFO:80,0,20,0,"16:9"
SINFO:80,0,21,0,"23.976 (24000/1001)"
SINFO:80,0,22,0,"0"
SINFO:80,0,28,0,"eng"
SINFO:80,0,29,0,"English"
SINFO:80,0,30,0,"Mpeg4 AVC High@L4.1"
SINFO:80,0,31,6121,"<b>Track information</b><br>"
SINFO:80,0,33,0,"0"
SINFO:80,0,38,0,""
SINFO:80,0,42,5088,"( Lossless conversion )"
TINFO:81,2,0,"TROY - BONUS DISC"
TINFO:81,9,0,"0:00:01"
TINFO:81,10,0,"0.0 MB"
TINFO:81,11,0,"18432"
TINFO:81,16,0,"00095.m2ts"
TINFO:81,25,0,"1"
TINFO:81,26,0,"95"
TINFO:81,27,0,"TROY - BONUS DISC_t81.mkv"
TINFO:81,28,0,"eng"
TINFO:81,29,0,"English"
TINFO:81,30,0,"TROY - BONUS DISC , 0.0 MB"
TINFO:81,31,6120,"<b>Title information</b><br>"
TINFO:81,33,0,"0"
SINFO:81,0,1,6201,"Video"
SINFO:81,0,5,0,"V_MPEG4/ISO/AVC"
SINFO:81,0,6,0,"Mpeg4"
SINFO:81,0,7,0,"Mpeg4 AVC High@L4.1"
SINFO:81,0,19,0,"1920x1080"
SINFO:81,0,20,0,"16:9"
SINFO:81,0,21,0,"29.97 (30000/1001)"
SINFO:81,0,22,0,"0"
SINFO:81,0,28,0,"eng"
SINFO:81,0,29,0,"English"
SINFO:81,0,30,0,"Mpeg4 AVC High@L4.1"
SINFO:81,0,31,6121,"<b>Track information</b><br>"
SINFO:81,0,33,0,"0"
SINFO:81,0,38,0,""
SINFO:81,0,42,5088,"( Lossless conversion )"
TINFO:82,2,0,"TROY - BONUS DISC"
TINFO:82,9,0,"0:01:05"
TINFO:82,10,0,"116.7 MB"
TINFO:82,11,0,"122406912"
TINFO:82,16,0,"00081.m2ts"
TINFO:82,25,0,"1"
TINFO:82,26,0,"81"
TINFO:82,27,0,"TROY - BONUS DISC_t82.mkv"
TINFO:82,28,0,"eng"
TINFO:82,29,0,"English"
TINFO:82,30,0,"TROY - BONUS DISC , 116.7 MB"
TINFO:82,31,6120,"<b>Title information</b><br>"
TINFO:82,33,0,"0"
SINFO:82,0,1,6201,"Video"
SINFO:82,0,5,0,"V_MPEG4/ISO/AVC"
SINFO:82,0,6,0,"Mpeg4"
SINFO:82,0,7,0,"Mpeg4 AVC High@L4.1"
SINFO:82,0,19,0,"1920x1080"
SINFO:82,0,20,0,"16:9"
SINFO:82,0,21,0,"29.97 (30000/1001)"
SINFO:82,0,22,0,"0"
SINFO:82,0,28,0,"eng"
SINFO:82,0,29,0,"English"
SINFO:82,0,30,0,"Mpeg4 AVC High@L4.1"
SINFO:82,0,31,6121,"<b>Track information</b><br>"
SINFO:82,0,33,0,"0"
SINFO:82,0,38,0,""
SINFO:82,0,42,5088,"( Lossless conversion )"
SINFO:82,1,1,6202,"Audio"
SINFO:82,1,2,5091,"Stereo"
SINFO:82,1,3,0,"eng"
SINFO:82,1,4,0,"English"
SINFO:82,1,5,0,"A_AC3"
SINFO:82,1,6,0,"DD"
SINFO:82,1,7,0,"Dolby Digital"
SINFO:82,1,13,0,"192 Kb/s"
SINFO:82,1,14,0,"2"
SINFO:82,1,17,0,"48000"
SINFO:82,1,22,0,"0"
SINFO:82,1,28,0,"eng"
SINFO:82,1,29,0,"English"
SINFO:82,1,30,0,"DD Stereo English"
SINFO:82,1,31,6121,"<b>Track information</b><br>"
SINFO:82,1,33,0,"90"
SINFO:82,1,38,0,"d"
SINFO:82,1,39,0,"Default"
SINFO:82,1,40,0,"stereo"
SINFO:82,1,42,5088,"( Lossless conversion )"
TINFO:83,2,0,"TROY - BONUS DISC"
TINFO:83,9,0,"0:00:01"
TINFO:83,10,0,"0.0 MB"
TINFO:83,11,0,"18432"
TINFO:83,16,0,"00023.m2ts"
TINFO:83,25,0,"1"
TINFO:83,26,0,"23"
TINFO:83,27,0,"TROY - BONUS DISC_t83.mkv"
TINFO:83,28,0,"eng"
TINFO:83,29,0,"English"
TINFO:83,30,0,"TROY - BONUS DISC , 0.0 MB"
TINFO:83,31,6120,"<b>Title information</b><br>"
TINFO:83,33,0,"0"
SINFO:83,0,1,6201,"Video"
SINFO:83,0,5,0,"V_MPEG4/ISO/AVC"
SINFO:83,0,6,0,"Mpeg4"
SINFO:83,0,7,0,"Mpeg4 AVC High@L4.1"
SINFO:83,0,19,0,"1920x1080"
SINFO:83,0,20,0,"16:9"
SINFO:83,0,21,0,"29.97 (30000/1001)"
SINFO:83,0,22,0,"0"
SINFO:83,0,28,0,"eng"
SINFO:83,0,29,0,"English"
SINFO:83,0,30,0,"Mpeg4 AVC High@L4.1"
SINFO:83,0,31,6121,"<b>Track information</b><br>"
SINFO:83,0,33,0,"0"
SINFO:83,0,38,0,""
SINFO:83,0,42,5088,"( Lossless conversion )"
TINFO:84,2,0,"TROY - BONUS DISC"
TINFO:84,9,0,"0:00:01"
TINFO:84,10,0,"0.0 MB"
TINFO:84,11,0,"18432"
TINFO:84,16,0,"00461.m2ts"
TINFO:84,25,0,"1"
TINFO:84,26,0,"461"
TINFO:84,27,0,"TROY - BONUS DISC_t84.mkv"
TINFO:84,28,0,"eng"
TINFO:84,29,0,"English"
TINFO:84,30,0,"TROY - BONUS DISC , 0.0 MB"
TINFO:84,31,6120,"<b>Title information</b><br>"
TINFO:84,33,0,"0"
SINFO:84,0,1,6201,"Video"
SINFO:84,0,5,0,"V_MPEG4/ISO/AVC"
SINFO:84,0,6,0,"Mpeg4"
SINFO:84,0,7,0,"Mpeg4 AVC High@L4.1"
SINFO:84,0,19,0,"1920x1080"
SINFO:84,0,20,0,"16:9"
SINFO:84,0,21,0,"29.97 (30000/1001)"
SINFO:84,0,22,0,"0"
SINFO:84,0,28,0,"eng"
SINFO:84,0,29,0,"English"
SINFO:84,0,30,0,"Mpeg4 AVC High@L4.1"
SINFO:84,0,31,6121,"<b>Track information</b><br>"
SINFO:84,0,33,0,"0"
SINFO:84,0,38,0,""
SINFO:84,0,42,5088,"( Lossless conversion )"
TINFO:85,2,0,"TROY - BONUS DISC"
TINFO:85,9,0,"0:00:01"
TINFO:85,10,0,"0.0 MB"
TINFO:85,11,0,"18432"
TINFO:85,16,0,"00059.m2ts"
TINFO:85,25,0,"1"
TINFO:85,26,0,"59"
TINFO:85,27,0,"TROY - BONUS DISC_t85.mkv"
TINFO:85,28,0,"eng"
TINFO:85,29,0,"English"
TINFO:85,30,0,"TROY - BONUS DISC , 0.0 MB"
TINFO:85,31,6120,"<b>Title information</b><br>"
TINFO:85,33,0,"0"
SINFO:85,0,1,6201,"Video"
SINFO:85,0,5,0,"V_MPEG4/ISO/AVC"
SINFO:85,0,6,0,"Mpeg4"
SINFO:85,0,7,0,"Mpeg4 AVC High@L4.1"
SINFO:85,0,19,0,"1920x1080"
SINFO:85,0,20,0,"16:9"
SINFO:85,0,21,0,"29.97 (30000/1001)"
SINFO:85,0,22,0,"0"
SINFO:85,0,28,0,"eng"
SINFO:85,0,29,0,"English"
SINFO:85,0,30,0,"Mpeg4 AVC High@L4.1"
SINFO:85,0,31,6121,"<b>Track information</b><br>"
SINFO:85,0,33,0,"0"
SINFO:85,0,38,0,""
SINFO:85,0,42,5088,"( Lossless conversion )"
TINFO:86,2,0,"TROY - BONUS DISC"
TINFO:86,9,0,"0:01:55"
TINFO:86,10,0,"205.5 MB"
TINFO:86,11,0,"215531520"
TINFO:86,16,0,"00012.m2ts"
TINFO:86,25,0,"1"
TINFO:86,26,0,"12"
TINFO:86,27,0,"TROY - BONUS DISC_t86.mkv"
TINFO:86,28,0,"eng"
TINFO:86,29,0,"English"
TINFO:86,30,0,"TROY - BONUS DISC , 205.5 MB"
TINFO:86,31,6120,"<b>Title information</b><br>"
TINFO:86,33,0,"0"
SINFO:86,0,1,6201,"Video"
SINFO:86,0,5,0,"V_MPEG4/ISO/AVC"
SINFO:86,0,6,0,"Mpeg4"
SINFO:86,0,7,0,"Mpeg4 AVC High@L4.1"
SINFO:86,0,19,0,"1920x1080"
SINFO:86,0,20,0,"16:9"
SINFO:86,0,21,0,"29.97 (30000/1001)"
SINFO:86,0,22,0,"0"
SINFO:86,0,28,0,"eng"
SINFO:86,0,29,0,"English"
SINFO:86,0,30,0,"Mpeg4 AVC High@L4.1"
SINFO:86,0,31,6121,"<b>Track information</b><br>"
SINFO:86,0,33,0,"0"
SINFO:86,0,38,0,""
SINFO:86,0,42,5088,"( Lossless conversion )"
SINFO:86,1,1,6202,"Audio"
SINFO:86,1,2,5091,"Stereo"
SINFO:86,1,3,0,"eng"
SINFO:86,1,4,0,"English"
SINFO:86,1,5,0,"A_AC3"
SINFO:86,1,6,0,"DD"
SINFO:86,1,7,0,"Dolby Digital"
SINFO:86,1,13,0,"192 Kb/s"
SINFO:86,1,14,0,"2"
SINFO:86,1,17,0,"48000"
SINFO:86,1,22,0,"0"
SINFO:86,1,28,0,"eng"
SINFO:86,1,29,0,"English"
SINFO:86,1,30,0,"DD Stereo English"
SINFO:86,1,31,6121,"<b>Track information</b><br>"
SINFO:86,1,33,0,"90"
SINFO:86,1,38,0,"d"
SINFO:86,1,39,0,"Default"
SINFO:86,1,40,0,"stereo"
SINFO:86,1,42,5088,"( Lossless conversion )"
TINFO:87,2,0,"TROY - BONUS DISC"
TINFO:87,9,0,"0:00:01"
TINFO:87,10,0,"0.0 MB"
TINFO:87,11,0,"18432"
TINFO:87,16,0,"00490.m2ts"
TINFO:87,25,0,"1"
TINFO:87,26,0,"490"
TINFO:87,27,0,"TROY - BONUS DISC_t87.mkv"
TINFO:87,28,0,"eng"
TINFO:87,29,0,"English"
TINFO:87,30,0,"TROY - BONUS DISC , 0.0 MB"
TINFO:87,31,6120,"<b>Title information</b><br>"
TINFO:87,33,0,"0"
SINFO:87,0,1,6201,"Video"
SINFO:87,0,5,0,"V_MPEG4/ISO/AVC"
SINFO:87,0,6,0,"Mpeg4"
SINFO:87,0,7,0,"Mpeg4 AVC High@L4.1"
SINFO:87,0,19,0,"1920x1080"
SINFO:87,0,20,0,"16:9"
SINFO:87,0,21,0,"29.97 (30000/1001)"
SINFO:87,0,22,0,"0"
SINFO:87,0,28,0,"eng"
SINFO:87,0,29,0,"English"
SINFO:87,0,30,0,"Mpeg4 AVC High@L4.1"
SINFO:87,0,31,6121,"<b>Track information</b><br>"
SINFO:87,0,33,0,"0"
SINFO:87,0,38,0,""
SINFO:87,0,42,5088,"( Lossless conversion )"
TINFO:88,2,0,"TROY - BONUS DISC"
TINFO:88,9,0,"0:00:01"
TINFO:88,10,0,"0.0 MB"
TINFO:88,11,0,"18432"
TINFO:88,16,0,"00465.m2ts"
TINFO:88,25,0,"1"
TINFO:88,26,0,"465"
TINFO:88,27,0,"TROY - BONUS DISC_t88.mkv"
TINFO:88,28,0,"eng"
TINFO:88,29,0,"English"
TINFO:88,30,0,"TROY - BONUS DISC , 0.0 MB"
TINFO:88,31,6120,"<b>Title information</b><br>"
TINFO:88,33,0,"0"
SINFO:88,0,1,6201,"Video"
SINFO:88,0,5,0,"V_MPEG4/ISO/AVC"
SINFO:88,0,6,0,"Mpeg4"
SINFO:88,0,7,0,"Mpeg4 AVC High@L4.1"
SINFO:88,0,19,0,"1920x1080"
SINFO:88,0,20,0,"16:9"
SINFO:88,0,21,0,"29.97 (30000/1001)"
SINFO:88,0,22,0,"0"
SINFO:88,0,28,0,"eng"
SINFO:88,0,29,0,"English"
SINFO:88,0,30,0,"Mpeg4 AVC High@L4.1"
SINFO:88,0,31,6121,"<b>Track information</b><br>"
SINFO:88,0,33,0,"0"
SINFO:88,0,38,0,""
SINFO:88,0,42,5088,"( Lossless conversion )"
TINFO:89,2,0,"TROY - BONUS DISC"
TINFO:89,9,0,"0:01:53"
TINFO:89,10,0,"202.3 MB"
TINFO:89,11,0,"212164608"
TINFO:89,16,0,"00016.m2ts"
TINFO:89,25,0,"1"
TINFO:89,26,0,"16"
TINFO:89,27,0,"TROY - BONUS DISC_t89.mkv"
TINFO:89,28,0,"eng"
TINFO:89,29,0,"English"
TINFO:89,30,0,"TROY - BONUS DISC , 202.3 MB"
TINFO:89,31,6120,"<b>Title information</b><br>"
TINFO:89,33,0,"0"
SINFO:89,0,1,6201,"Video"
SINFO:89,0,5,0,"V_MPEG4/ISO/AVC"
SINFO:89,0,6,0,"Mpeg4"
SINFO:89,0,7,0,"Mpeg4 AVC High@L4.1"
SINFO:89,0,19,0,"1920x1080"
SINFO:89,0,20,0,"16:9"
SINFO:89,0,21,0,"29.97 (30000/1001)"
SINFO:89,0,22,0,"0"
SINFO:89,0,28,0,"eng"
SINFO:89,0,29,0,"English"
SINFO:89,0,30,0,"Mpeg4 AVC High@L4.1"
SINFO:89,0,31,6121,"<b>Track information</b><br>"
SINFO:89,0,33,0,"0"
SINFO:89,0,38,0,""
SINFO:89,0,42,5088,"( Lossless conversion )"
SINFO:89,1,1,6202,"Audio"
SINFO:89,1,2,5091,"Stereo"
SINFO:89,1,3,0,"eng"
SINFO:89,1,4,0,"English"
SINFO:89,1,5,0,"A_AC3"
SINFO:89,1,6,0,"DD"
SINFO:89,1,7,0,"Dolby Digital"
SINFO:89,1,13,0,"192 Kb/s"
SINFO:89,1,14,0,"2"
SINFO:89,1,17,0,"48000"
SINFO:89,1,22,0,"0"
SINFO:89,1,28,0,"eng"
SINFO:89,1,29,0,"English"
SINFO:89,1,30,0,"DD Stereo English"
SINFO:89,1,31,6121,"<b>Track information</b><br>"
SINFO:89,1,33,0,"90"
SINFO:89,1,38,0,"d"
SINFO:89,1,39,0,"Default"
SINFO:89,1,40,0,"stereo"
SINFO:89,1,42,5088,"( Lossless conversion )"
TINFO:90,2,0,"TROY - BONUS DISC"
TINFO:90,9,0,"0:00:01"
TINFO:90,10,0,"0.0 MB"
TINFO:90,11,0,"18432"
TINFO:90,16,0,"00085.m2ts"
TINFO:90,25,0,"1"
TINFO:90,26,0,"85"
TINFO:90,27,0,"TROY - BONUS DISC_t90.mkv"
TINFO:90,28,0,"eng"
TINFO:90,29,0,"English"
TINFO:90,30,0,"TROY - BONUS DISC , 0.0 MB"
TINFO:90,31,6120,"<b>Title information</b><br>"
TINFO:90,33,0,"0"
SINFO:90,0,1,6201,"Video"
SINFO:90,0,5,0,"V_MPEG4/ISO/AVC"
SINFO:90,0,6,0,"Mpeg4"
SINFO:90,0,7,0,"Mpeg4 AVC High@L4.1"
SINFO:90,0,19,0,"1920x1080"
SINFO:90,0,20,0,"16:9"
SINFO:90,0,21,0,"29.97 (30000/1001)"
SINFO:90,0,22,0,"0"
SINFO:90,0,28,0,"eng"
SINFO:90,0,29,0,"English"
SINFO:90,0,30,0,"Mpeg4 AVC High@L4.1"
SINFO:90,0,31,6121,"<b>Track information</b><br>"
SINFO:90,0,33,0,"0"
SINFO:90,0,38,0,""
SINFO:90,0,42,5088,"( Lossless conversion )"
TINFO:91,2,0,"TROY - BONUS DISC"
TINFO:91,9,0,"0:00:01"
TINFO:91,10,0,"0.0 MB"
TINFO:91,11,0,"18432"
TINFO:91,16,0,"00027.m2ts"
TINFO:91,25,0,"1"
TINFO:91,26,0,"27"
TINFO:91,27,0,"TROY - BONUS DISC_t91.mkv"
TINFO:91,28,0,"eng"
TINFO:91,29,0,"English"
TINFO:91,30,0,"TROY - BONUS DISC , 0.0 MB"
TINFO:91,31,6120,"<b>Title information</b><br>"
TINFO:91,33,0,"0"
SINFO:91,0,1,6201,"Video"
SINFO:91,0,5,0,"V_MPEG4/ISO/AVC"
SINFO:91,0,6,0,"Mpeg4"
SINFO:91,0,7,0,"Mpeg4 AVC High@L4.1"
SINFO:91,0,19,0,"1920x1080"
SINFO:91,0,20,0,"16:9"
SINFO:91,0,21,0,"29.97 (30000/1001)"
SINFO:91,0,22,0,"0"
SINFO:91,0,28,0,"eng"
SINFO:91,0,29,0,"English"
SINFO:91,0,30,0,"Mpeg4 AVC High@L4.1"
SINFO:91,0,31,6121,"<b>Track information</b><br>"
SINFO:91,0,33,0,"0"
SINFO:91,0,38,0,""
SINFO:91,0,42,5088,"( Lossless conversion )"
TINFO:92,2,0,"TROY - BONUS DISC"
TINFO:92,9,0,"0:00:01"
TINFO:92,10,0,"0.0 MB"
TINFO:92,11,0,"18432"
TINFO:92,16,0,"00494.m2ts"
TINFO:92,25,0,"1"
TINFO:92,26,0,"494"
TINFO:92,27,0,"TROY - BONUS DISC_t92.mkv"
TINFO:92,28,0,"eng"
TINFO:92,29,0,"English"
TINFO:92,30,0,"TROY - BONUS DISC , 0.0 MB"
TINFO:92,31,6120,"<b>Title information</b><br>"
TINFO:92,33,0,"0"
SINFO:92,0,1,6201,"Video"
SINFO:92,0,5,0,"V_MPEG4/ISO/AVC"
SINFO:92,0,6,0,"Mpeg4"
SINFO:92,0,7,0,"Mpeg4 AVC High@L4.1"
SINFO:92,0,19,0,"1920x1080"
SINFO:92,0,20,0,"16:9"
SINFO:92,0,21,0,"29.97 (30000/1001)"
SINFO:92,0,22,0,"0"
SINFO:92,0,28,0,"eng"
SINFO:92,0,29,0,"English"
SINFO:92,0,30,0,"Mpeg4 AVC High@L4.1"
SINFO:92,0,31,6121,"<b>Track information</b><br>"
SINFO:92,0,33,0,"0"
SINFO:92,0,38,0,""
SINFO:92,0,42,5088,"( Lossless conversion )"
TINFO:93,2,0,"TROY - BONUS DISC"
TINFO:93,9,0,"0:01:08"
TINFO:93,10,0,"120.5 MB"
TINFO:93,11,0,"126437376"
TINFO:93,16,0,"00074.m2ts"
TINFO:93,25,0,"1"
TINFO:93,26,0,"74"
TINFO:93,27,0,"TROY - BONUS DISC_t93.mkv"
TINFO:93,28,0,"eng"
TINFO:93,29,0,"English"
TINFO:93,30,0,"TROY - BONUS DISC , 120.5 MB"
TINFO:93,31,6120,"<b>Title information</b><br>"
TINFO:93,33,0,"0"
SINFO:93,0,1,6201,"Video"
SINFO:93,0,5,0,"V_MPEG4/ISO/AVC"
SINFO:93,0,6,0,"Mpeg4"
SINFO:93,0,7,0,"Mpeg4 AVC High@L4.1"
SINFO:93,0,19,0,"1920x1080"
SINFO:93,0,20,0,"16:9"
SINFO:93,0,21,0,"29.97 (30000/1001)"
SINFO:93,0,22,0,"0"
SINFO:93,0,28,0,"eng"
SINFO:93,0,29,0,"English"
SINFO:93,0,30,0,"Mpeg4 AVC High@L4.1"
SINFO:93,0,31,6121,"<b>Track information</b><br>"
SINFO:93,0,33,0,"0"
SINFO:93,0,38,0,""
SINFO:93,0,42,5088,"( Lossless conversion )"
SINFO:93,1,1,6202,"Audio"
SINFO:93,1,2,5091,"Stereo"
SINFO:93,1,3,0,"eng"
SINFO:93,1,4,0,"English"
SINFO:93,1,5,0,"A_AC3"
SINFO:93,1,6,0,"DD"
SINFO:93,1,7,0,"Dolby Digital"
SINFO:93,1,13,0,"192 Kb/s"
SINFO:93,1,14,0,"2"
SINFO:93,1,17,0,"48000"
SINFO:93,1,22,0,"0"
SINFO:93,1,28,0,"eng"
SINFO:93,1,29,0,"English"
SINFO:93,1,30,0,"DD Stereo English"
SINFO:93,1,31,6121,"<b>Track information</b><br>"
SINFO:93,1,33,0,"90"
SINFO:93,1,38,0,"d"
SINFO:93,1,39,0,"Default"
SINFO:93,1,40,0,"stereo"
SINFO:93,1,42,5088,"( Lossless conversion )"
